IndustryCode,Description,Employment,Output,EmployeeCompensation,ProprietorIncome,OtherPropertyTypeIncome,TaxOnProductionAndImports
0,Total,3761202.898,6.4255E+11,1.80683E+11,22951980692,98438074760,19179825086
1,Oilseed farming,7837.006348,2244392334,3619102.001,558677612.3,522737976.1,-72535804.75
2,Grain farming,13126.84277,2016075195,91476898.19,209667282.1,303139068.6,1901203.632
3,Vegetable and melon farming,624.5139771,61383121.49,7474949.36,2871022.701,5400359.631,6909.051444
4,Fruit farming,326.4998474,21241333.01,2484398.365,1167784.214,2619362.593,3375.023138
5,Tree nut farming,220.1089325,8763386.726,3479933.739,386342.8831,157470.3902,1852.793503
6,"Greenhouse, nursery, and floriculture production",995.1184082,122154151.9,23965734.48,5263475.895,8533117.294,4866.867326
7,Tobacco farming,3.948616743,310784.6677,63765.42151,17465.31576,32498.86632,-6179.460324
8,Cotton farming,2365.602783,324046997.1,68452438.35,15867531.78,30011459.35,-2293279.171
9,Sugarcane and sugar beet farming,0,0,0,0,0,0
10,All other crop farming,12797.5293,169629150.4,33460056.3,8320203.781,12314682.01,-11472485.54
11,"Beef cattle ranching and farming, including feedlots and dual-purpose ranching and farming",36581.68359,2195592773,21010116.58,169568389.9,240398330.7,60110282.9
12,Dairy cattle and milk production,566.0514526,201785995.5,5728641.987,5665497.78,7522767.544,2083155.632
13,Poultry and egg production,3591.626465,1455712158,53567077.64,10150113.11,21884651.18,8382949.829
14,"Animal production, except cattle and poultry and eggs",14794.20703,883868774.4,60617195.13,181587097.2,217261886.6,13416439.06
15,"Forestry, forest products, and timber tract production",397.7307739,30561994.55,12196261.41,9068259.239,1206639.528,332084.5068
16,Commercial logging,2491.443359,213390884.4,20792097.09,105017753.6,702507.019,3402466.536
17,Commercial fishing,402.0963135,1967709.064,391614.5861,-2320675.373,476659.4768,2378263.712
18,Commercial hunting and trapping,375.3517456,7621304.512,391500.4134,-203587.1893,-709735.2147,1805481.672
19,Support activities for agriculture and forestry,10261.5332,349711303.7,236957595.8,101873497,-73449882.51,7011853.695
20,Oil and gas extraction,3664.522705,847956970.2,814978.838,39983158.11,-26880983.35,923988.2827
21,Coal mining,222.4097748,113856094.4,38868301.39,-3752656.698,33850193.02,4149716.854
22,"Copper, nickel, lead, and zinc mining",687.9624634,813195983.9,71730918.88,-1247887.492,336095123.3,56247871.4
23,Iron ore mining,0,0,0,0,0,0
24,Gold ore mining,0,0,0,0,0,0
25,Silver ore mining,0,0,0,0,0,0
26,Uranium-radium-vanadium ore mining,0,0,0,0,0,0
27,Other metal ore mining,0,0,0,0,0,0
28,Stone mining and quarrying,2883.926514,590636291.5,149129943.8,-116939559.9,186169387.8,28488563.54
29,Sand and gravel mining,448.8988953,58199619.29,27256219.86,-19789535.52,9688667.297,3740122.557
30,"Other clay, ceramic, refractory minerals mining",130.6289673,13062527.66,5792936.325,-10000522.61,2210234.88,1044878.006
31,"Potash, soda, and borate mineral mining",0,0,0,0,0,0
32,Phosphate rock mining,0,0,0,0,0,0
33,Other chemical and fertilizer mineral mining,63.4237442,12726390.84,4101088.047,-888835.6686,2124235.153,745823.741
34,Other nonmetallic minerals,136.1495514,20122575.76,7776339.531,-3129354.715,2964224.339,1202796.102
35,Drilling oil and gas wells,402.805542,99332061.77,4168088.913,3567388.535,-1549633.98,1044335.365
36,Support activities for oil and gas operations,536.451355,97432205.2,4756509.781,5036435.127,-3154956.579,993008.7328
37,Metal mining services,535.2443848,131800659.2,8926942.825,4348981.857,-1749398.47,968149.066
38,Other nonmetallic minerals services,431.1231384,99321479.8,2216754.913,4296637.535,-2541469.336,334894.6869
39,Electric power generation - Hydroelectric,52.4522934,36671413.42,8783454.895,0,13814250.95,1855924.249
40,Electric power generation - Fossil fuel,1962.775391,2743489258,284650421.1,0,613726501.5,214922744.8
41,Electric power generation - Nuclear,870.0230103,853322082.5,173134857.2,0,170698776.2,61483310.7
42,Electric power generation - Solar,0,0,0,0,0,0
43,Electric power generation - Wind,16.48975945,32779628.75,3168379.545,0,19071889.88,1411593.199
44,Electric power generation - Geothermal,0,0,0,0,0,0
45,Electric power generation - Biomass,0,0,0,0,0,0
46,Electric power generation - All other,41.20680618,6311564.445,3833085.537,0,-2884610.891,462530.7918
47,Electric power transmission and distribution,5507.437012,6831496582,647991272,6074517.25,1323192261,536707519.5
48,Natural gas distribution,2622.796875,2002102417,322786529.5,1339057.565,492556671.1,102869644.2
49,"Water, sewage and other systems",2180.185303,481394500.7,91748352.05,27979711.53,85246421.81,26933403.02
50,Construction of new health care structures,5777.638184,763643127.4,232501525.9,103146362.3,67948188.78,4351597.786
51,Construction of new manufacturing structures,9581.19043,1313181519,393969329.8,166076339.7,71085556.03,7032026.291
52,Construction of new power and communication structures,12776.07129,1936645508,516804443.4,212376647.9,264565918,18353839.87
53,Construction of new educational and vocational structures,14263.27051,1697430542,617244567.9,216239242.6,141642669.7,7471832.275
54,Construction of new highways and streets,11671.34375,2043365356,482301757.8,199966949.5,230218261.7,10015304.57
55,"Construction of new commercial structures, including farm structures",22538.71094,2659387939,868828186,400405639.6,103169822.7,20359706.88
56,Construction of other new nonresidential structures,28667.12891,1908302856,1127600952,520967102.1,-1063390015,13422939.3
57,Construction of new single-family residential structures,35249.44922,4617534180,1358902954,656735656.7,484143707.3,29321022.03
58,Construction of new multifamily residential structures,10874.91699,1025664063,423381591.8,204525863.6,133504669.2,5721946.716
59,Construction of other new residential structures,24483.65234,4397014648,970311462.4,453232818.6,299837829.6,32955905.91
60,Maintenance and repair construction of nonresidential structures,16658.90234,3070562500,657906616.2,313415954.6,168192672.7,22067729.95
61,Maintenance and repair construction of residential structures,8161.368164,1549309937,306378631.6,134373077.4,110496742.2,22187931.06
62,"Maintenance and repair construction of highways, streets, bridges, and tunnels",6044.178223,512647949.2,242030685.4,112570846.6,-179850845.3,4878123.76
63,Dog and cat food manufacturing,3412.681641,5173269531,404145843.5,11689670.56,1061107422,83455032.35
64,Other animal food manufacturing,1818.924561,1862758179,118358131.4,24571083.07,72868850.71,25138534.55
65,Flour milling,564.1986084,643861938.5,42846321.11,3676223.755,42617744.45,3614960.194
66,Rice milling,36.18951416,23776197.43,1280942.44,92936.64992,864731.3118,106596.6338
67,Malt manufacturing,19.46385574,28464706.42,1050901.175,60239.67639,1756699.562,207717.0014
68,Wet corn milling,0,0,0,0,0,0
69,Soybean and other oilseed processing,525.4676514,2434213867,37410526.28,4711956.501,140157531.7,13618524.55
70,Fats and oils refining and blending,241.6130829,381467895.5,15807405.47,3287349.701,14318425.18,2183157.444
71,Breakfast cereal manufacturing,768.1362915,594052612.3,38087894.44,308803.0219,52633888.24,4230260.849
72,Beet sugar manufacturing,0,0,0,0,0,0
73,Sugar cane mills and refining,0,0,0,0,0,0
74,Nonchocolate confectionery manufacturing,83.35951996,36186794.28,2736710.548,4978074.074,1226589.203,198528.6772
75,Chocolate and confectionery manufacturing from cacao beans,24.94677162,17526885.99,1488480.449,963214.457,1580691.457,118739.1803
76,Confectionery manufacturing from purchased chocolate,668.6511841,238450058,25889835.36,17816551.21,10940917.02,1382250.071
77,"Frozen fruits, juices and vegetables manufacturing",356.3056641,159473022.5,19204307.56,2589811.087,15847618.1,984708.1304
78,Frozen specialties manufacturing,2111.952148,804431640.6,111295745.8,21736940.38,56124149.32,3794451.952
79,Canned fruits and vegetables manufacturing,529.2458496,294315704.3,41845115.66,12799711.23,32929229.74,1333887.935
80,Canned specialties,9.103603363,8973747.253,36763.30671,2766378.641,51049.91794,36677.18172
81,Dehydrated food products manufacturing,21.86188126,9655368.805,590183.7945,1161539.912,488509.6848,54092.05332
82,Cheese manufacturing,2438.161621,2205729980,160082916.3,841167.6288,62451786.04,12783988
83,"Dry, condensed, and evaporated dairy product manufacturing",696.2519531,932472473.1,54838520.05,2288094.282,83646484.38,5416454.792
84,Fluid milk manufacturing,1413.415771,1040774292,99403816.22,5407122.612,62998310.09,7031999.111
85,Creamery butter manufacturing,53.92874908,98031990.05,3433927.774,286851.5253,9897920.609,983577.1322
86,Ice cream and frozen dessert manufacturing,1017.838196,427560546.9,53252441.41,1169861.197,29442569.73,3150053.501
87,Frozen cakes and other pastries manufacturing,2793.507324,220170730.6,74408767.7,3258585.691,14327943.8,16348480.22
88,Poultry processing,7455.023926,2254119385,335581939.7,2869634.867,106874626.2,12244486.81
89,"Animal, except poultry, slaughtering",4525.424805,3089279297,228598526,31755519.87,77518844.6,22167816.16
90,Meat processed from carcasses,6837.443848,3550997070,405691864,19689716.34,26434272.77,21630086.9
91,Rendering and meat byproduct processing,281.6488037,104332016,18824108.12,889829.4568,-487772.882,726485.0736
92,Seafood product preparation and packaging,0,0,0,0,0,0
93,"Bread and bakery product, except frozen, manufacturing",5423.069336,797282043.5,147468246.5,137025863.6,41416435.24,19051546.1
94,Cookie and cracker manufacturing,538.3061523,180449462.9,23029262.54,4958151.34,10197929.38,1226999.402
95,"Dry pasta, mixes, and dough manufacturing",977.3514404,553982421.9,54545173.65,7302785.873,71609024.05,3804426.67
96,Tortilla manufacturing,15.16063118,7164038.181,120158.8959,4586172.581,24576.58947,23080.30427
97,Roasted nuts and peanut butter manufacturing,203.4621124,84695571.9,12077976.23,1062425.733,2874503.374,42577.65412
98,Other snack food manufacturing,401.4435425,188225723.3,17169660.57,6968370.914,8364222.527,976389.8849
99,Coffee and tea manufacturing,350.1315918,245841873.2,15564714.43,28379249.57,14823362.35,1450650.215
100,Flavoring syrup and concentrate manufacturing,227.2528076,585027832,14159775.73,9718199.73,111393394.5,3552418.47
101,"Mayonnaise, dressing, and sauce manufacturing",621.144043,371635314.9,45229324.34,12261776.92,40686939.24,2131014.347
102,Spice and extract manufacturing,471.626709,271438201.9,29892765.05,15677005.77,15935251.24,1666376.352
103,All other food manufacturing,1450.472168,533466857.9,64763191.22,41027854.92,22620138.17,2787419.081
104,Bottled and canned soft drinks & water,1099.595215,833689025.9,84691116.33,5030795.097,86436988.83,7652644.157
105,Manufactured ice,421.2625732,57724452.97,22146238.33,1324236.631,-13207341.19,553330.8387
106,Breweries,3178.224365,1851157471,312463958.7,16335105.9,424834045.4,122184783.9
107,Wineries,982.9944458,297386108.4,22625244.14,11321296.69,14699649.81,10171241.76
108,Distilleries,431.1570435,490831390.4,31548982.62,3478278.637,81751968.38,114299629.2
109,Tobacco product manufacturing,10.23897743,32736598.97,872899.2939,89670.44204,8952462.196,8860396.385
110,"Fiber, yarn, and thread mills",10.706954,3108359.098,155366.2121,45499.26147,71415.67022,45191.26937
111,Broadwoven fabric mills,12.02652836,2372312.069,138031.3486,111442.4169,65522.23861,32223.85794
112,Narrow fabric mills and schiffli machine embroidery,0,0,0,0,0,0
113,Nonwoven fabric mills,45.98478317,23769399.64,4241371.155,17794.04283,4164348.602,222061.947
114,Knit fabric mills,8.490937233,1969232.321,398653.239,89625.96953,149175.0479,20641.62865
115,Textile and fabric finishing mills,99.7245636,23753402.71,2889655.352,572591.3644,902221.3817,254469.5735
116,Fabric coating mills,178.6648254,75696182.25,18722713.47,149156.9281,7149419.308,588077.6644
117,Carpet and rug mills,0,0,0,0,0,0
118,Curtain and linen mills,250.4687347,47826934.81,6949857.712,534534.0371,3290645.599,568674.1471
119,Textile bag and canvas mills,726.9036255,124551071.2,34245059.97,827905.4761,9809477.806,1255682.349
120,"Rope, cordage, twine, tire cord and tire fabric mills",38.33983994,11401751.52,2315927.029,10889.53577,1805400.252,123713.9404
121,Other textile product mills,987.2462769,142523757.9,38582344.06,1190867.424,9376678.467,1528286.457
122,Hosiery and sock mills,46.845047,4232992.649,888364.0766,133322.8946,336992.5022,369309.1869
123,Other apparel knitting mills,587.0835571,57119174.96,18554887.77,89329.02664,2033923.626,1103984.475
124,Cut and sew apparel contractors,426.0436401,22630296.71,9047453.88,-311976.4626,162028.0743,628147.5425
125,Mens and boys cut and sew apparel manufacturing,284.483429,34909034.73,7264017.582,-24460.4256,1177749.634,801254.8685
126,Womens and girls cut and sew apparel manufacturing,186.5732269,32025016.78,2580871.82,27174.13008,694611.7282,714958.9658
127,Other cut and sew apparel manufacturing,688.8356934,93008399.96,36460044.86,-78169.2639,4774272.919,1319174.647
128,Apparel accessories and other apparel manufacturing,428.7360535,39705192.57,9376419.067,-201824.9482,1290491.581,877047.3599
129,Leather and hide tanning and finishing,377.8547974,123755798.3,21237491.61,432397.9318,6797079.086,1547963.738
130,Footwear manufacturing,577.3532104,93373985.29,22333568.57,68747.16282,1102929.115,1309160.352
131,Other leather and allied product manufacturing,411.5653381,43775650.02,12792030.33,531931.1023,210127.4878,596544.1465
132,Sawmills,2987.254883,805412597.7,88355102.54,90041603.09,20588083.27,5678894.52
133,Wood preservation,124.2542038,66562820.43,4997317.314,3643763.065,5322256.088,498725.5633
134,Veneer and plywood manufacturing,1.766407251,486987.412,49757.70041,89448.89903,11625.31041,3097.058041
135,Engineered wood member and truss manufacturing,634.3477173,138106689.5,24632894.52,13543621.06,4722681.999,885494.6494
136,Reconstituted wood product manufacturing,65.72548676,32478141.78,3967133.76,547375.4406,2785035.133,249683.0374
137,Wood windows and door manufacturing,227.809845,51591545.1,8774751.663,6777942.181,1732163.072,355316.4005
138,"Cut stock, resawing lumber, and planing",463.9837646,104977401.7,18413934.71,8599255.562,7814862.251,753350.2579
139,"Other millwork, including flooring",1297.618408,259222137.5,57773803.71,16616649.63,14719241.14,1836660.862
140,Wood container and pallet manufacturing,2891.377686,467609314,131051757.8,37964443.21,14448689.46,2953978.3
141,Manufactured home (mobile home) manufacturing,14.71969318,3861410.141,505896.5087,753851.9502,194797.8288,28248.34734
142,Prefabricated wood building manufacturing,223.2361145,41732837.68,10607299.8,6047167.301,777466.0587,255448.6394
143,All other miscellaneous wood product manufacturing,469.7934875,83415084.84,12914248.47,15345752.72,2136300.802,556287.3483
144,Pulp mills,0,0,0,0,0,0
145,Paper mills,496.2789307,443245452.9,34206493.38,-45514.11793,122233253.5,4109218.597
146,Paperboard mills,0,0,0,0,0,0
147,Paperboard container manufacturing,4231.575195,2222694824,289737396.2,-3381159.782,336309143.1,22151981.35
148,Paper bag and coated and treated paper manufacturing,686.4849854,356571197.5,42932640.08,-2521374.464,80633827.21,3369150.4
149,Stationery product manufacturing,260.7265015,106402206.4,13555715.56,-558488.965,13279952.05,1184476.852
150,Sanitary paper product manufacturing,146.74263,186936767.6,16396516.8,-48269.16754,88552497.86,1300947.428
151,All other converted paper product manufacturing,970.3320923,394369934.1,79522216.8,-222548.1868,90172225.95,3588575.125
152,Printing,12945.57031,2319209961,626521545.4,51314834.59,496707519.5,22170240.4
153,Support activities for printing,601.3427124,90455535.89,32777820.59,2166757.345,24912900.92,752695.5009
154,Petroleum refineries,90.75362396,695005920.4,8168984.413,-6157622.814,89867668.15,7858637.81
155,Asphalt paving mixture and block manufacturing,493.4720154,401487579.3,50083690.64,-7120770.931,44423339.84,1623400.45
156,Asphalt shingle and coating materials manufacturing,500.8840332,560867126.5,59748119.35,-803928.256,202865127.6,3294228.077
157,Petroleum lubricating oil and grease manufacturing,297.947998,424565612.8,39001453.4,-2071003.437,158605651.9,2122388.601
158,All other petroleum and coal products manufacturing,59.28375626,59198467.25,6644830.704,-685580.3728,18898805.62,502319.9916
159,Petrochemical manufacturing,97.60780334,578745605.5,16559293.75,1279916.644,102860862.7,9145464.897
160,Industrial gas manufacturing,92.70006561,92898498.54,9247002.602,1606071.711,14956904.41,1386751.413
161,Synthetic dye and pigment manufacturing,379.7052002,294360412.6,40752399.44,647314.3101,50909076.69,3323129.177
162,Other basic inorganic chemical manufacturing,637.7911377,486647491.5,56301467.9,7974460.602,63811382.29,6531969.547
163,Other basic organic chemical manufacturing,2244.081055,3264404785,190962051.4,35511322.02,174903793.3,39026447.3
164,Plastics material and resin manufacturing,767.3422852,985690124.5,66543853.76,23017738.34,39709419.25,12164954.19
165,Synthetic rubber manufacturing,0,0,0,0,0,0
166,Artificial and synthetic fibers and filaments manufacturing,0,0,0,0,0,0
167,Nitrogenous fertilizer manufacturing,171.7466278,184099609.4,18165725.71,8575525.284,25643287.66,2180076.599
168,Phosphatic fertilizer manufacturing,26.35898781,30968280.79,3031653.166,2169453.621,4256209.373,391346.9017
169,Fertilizer mixing,155.2232666,111702125.5,9632898.331,25964780.81,11298543.93,1085794.687
170,Pesticide and other agricultural chemical manufacturing,1490.74939,2280857666,146638977.1,29381565.09,301565521.2,28934936.52
171,Medicinal and botanical manufacturing,860.2331543,540552429.2,110666221.6,5864315.033,105851509.1,5640960.693
172,Pharmaceutical preparation manufacturing,2396.63208,3257760010,274758941.7,60936752.32,797028686.5,93163345.34
173,In-vitro diagnostic substance manufacturing,69.10037231,34187786.1,7569070.339,3903853.178,4426590.919,314248.7407
174,Biological product (except diagnostic) manufacturing,1530.226685,976528747.6,175953002.9,3284225.941,258462554.9,11553454.4
175,Paint and coating manufacturing,956.6541138,798117614.7,75610221.86,83228103.64,86338317.87,8718027.115
176,Adhesive manufacturing,1024.564209,665029846.2,92665618.9,9986875.534,70525253.3,7212635.994
177,Soap and other detergent manufacturing,1943.205811,2323847656,157058807.4,87309486.39,425346008.3,28937862.4
178,Polish and other sanitation good manufacturing,1804.029541,1217819092,155122528.1,60695678.71,187591110.2,14440942.76
179,Surface active agent manufacturing,40.8161087,43671722.41,3925509.214,2187989.95,9018625.259,471236.8846
180,Toilet preparation manufacturing,899.2714233,765112915,60020717.62,39799880.98,183073379.5,10951210.02
181,Printing ink manufacturing,124.3505173,60998149.87,10896056.18,6973690.033,267870.2176,597729.3849
182,Explosives manufacturing,461.014679,180614715.6,46246726.99,4067678.452,6025849.342,1966267.228
183,Custom compounding of purchased resins,42.13720703,31049182.89,6448347.569,1789739.728,5254152.298,267724.9014
184,Photographic film and chemical manufacturing,89.12734985,65566970.83,6039238.453,4155051.231,7332098.961,732543.1108
185,Other miscellaneous chemical product manufacturing,1031.650269,628852294.9,77356338.5,46930442.81,43106880.19,7710521.221
186,Plastics packaging materials and unlaminated film and sheet manufacturing,2654.511963,1162760254,184587158.2,546398.8185,106553428.6,9061064.72
187,Unlaminated plastics profile shape manufacturing,286.6013184,128355026.2,21517738.34,60704.13068,23012367.25,878471.5533
188,Plastics pipe and pipe fitting manufacturing,232.8845062,109797805.8,14732217.79,68456.83604,18640947.34,927504.8375
189,"Laminated plastics plate, sheet (except packaging), and shape manufacturing",47.876091,15187128.07,2789072.99,171497.8665,2134317.875,123159.7736
190,Polystyrene foam product manufacturing,400.6679077,135958496.1,23091176.99,247593.2837,13170567.51,1189901.471
191,Urethane and other foam product (except polystyrene) manufacturing,846.0535278,297845336.9,45306610.11,184390.4853,24839397.43,2498207.569
192,Plastics bottle manufacturing,1434.268066,596746521,84319282.53,488218.6949,47595664.98,4593132.496
193,Other plastics product manufacturing,8140.105957,2223823242,464404846.2,2128687.62,200134674.1,17518487.93
194,Tire manufacturing,350.7046509,127109596.3,18871459.96,497264.7429,5623325.825,1401235.342
195,Rubber and plastics hoses and belting manufacturing,1680.275024,508698547.4,116317863.5,251056.4029,61804855.35,3930082.083
196,Other rubber product manufacturing,1302.872437,408089538.6,77904457.09,157424.8672,33100082.4,3482182.98
197,"Pottery, ceramics, and plumbing fixture manufacturing",96.34145355,12354659.08,3731227.875,-816416.6212,892292.0227,135473.6537
198,"Brick, tile, and other structural clay product manufacturing",336.0658569,85653907.78,20206922.53,-587978.363,13915970.8,864188.0751
199,Flat glass manufacturing,0,0,0,0,0,0
200,Other pressed and blown glass and glassware manufacturing,239.514679,52614887.24,13528299.33,-905400.3954,5124616.146,427831.6498
201,Glass container manufacturing,684.7000732,247669998.2,52367465.97,-238920.8227,33040336.61,2125900.745
202,Glass product manufacturing made of purchased glass,323.9404602,75258041.38,16731376.65,-992958.2477,9239096.642,655367.5532
203,Cement manufacturing,861.050415,547320312.5,76669754.03,-1148365.498,96869804.38,5130334.854
204,Ready-mix concrete manufacturing,2894.419922,1066021362,155301437.4,-6246639.252,94016975.4,9634119.034
205,Concrete block and brick manufacturing,252.8391876,80849708.56,16526121.14,-187360.3612,12797827.72,807373.7621
206,Concrete pipe manufacturing,72.98529053,20739240.65,4258223.534,-26442.01554,2485815.287,230537.1165
207,Other concrete product manufacturing,928.5699463,198403396.6,47022800.45,-1190522.432,19380525.59,1826485.276
208,Lime manufacturing,789.1660156,460142425.5,72999748.23,-200811.9375,91429656.98,4542338.371
209,Gypsum product manufacturing,13.66595173,7948156.834,1090310.454,-17126.76324,1570192.456,72009.45169
210,Abrasive product manufacturing,81.462883,27889568.33,4465375.423,-90968.54925,7698637.962,267896.086
211,Cut stone and stone product manufacturing,797.3161621,104724479.7,39881454.47,-1355452.299,5613103.39,856647.3126
212,Ground or treated mineral and earth manufacturing,200.044632,116772918.7,15754832.27,-14118.84744,26254882.81,1041351.08
213,Mineral wool manufacturing,50.18562698,19357753.75,2629332.066,-167781.7255,3347873.688,196670.2938
214,Miscellaneous nonmetallic mineral products manufacturing,127.7429123,45409904.48,6438507.557,-261072.6058,8735716.82,448992.908
215,Iron and steel mills and ferroalloy manufacturing,210.0336914,186955017.1,14410762.79,-1809825.42,6631148.338,3066539.288
216,"Iron, steel pipe and tube manufacturing from purchased steel",387.9699402,156036727.9,27732713.7,-373282.9988,9134529.114,2408668.995
217,Rolled steel shape manufacturing,215.4930725,137211914.1,18589548.11,-141256.3175,15700138.09,2033909.082
218,Steel wire drawing,766.4135742,260675659.2,42703319.55,-613370.7166,20466724.4,4126274.109
219,Alumina refining and primary aluminum production,218.6265564,152450729.4,17488039.02,-46100.35568,8831414.223,2215728.998
220,Secondary smelting and alloying of aluminum,320.3013916,305456512.5,26985038.76,-230355.2926,10124658.58,4291721.821
221,"Aluminum sheet, plate, and foil manufacturing",46.84477997,36982563.02,3450588.703,-161968.559,2171359.301,586263.4778
222,"Other aluminum rolling, drawing and extruding",527.8422852,216829223.6,32285522.46,-130454.4955,8930488.586,3080881.834
223,Nonferrous metal (exc aluminum) smelting and refining,44.22396088,46889244.08,3854893.446,-89990.02725,11723097.8,782866.776
224,"Copper rolling, drawing, extruding and alloying",680.3040771,618833129.9,78592025.76,-256877.2137,23486993.79,7501037.121
225,"Nonferrous metal, except copper and aluminum, shaping",20.53212738,8712520.599,1729766.726,-182671.4873,345367.1038,113715.753
226,Secondary processing of other nonferrous metals,413.6022644,490631988.5,31504505.16,-336393.9226,65793235.78,7268174.648
227,Ferrous metal foundries,353.8788147,94065277.1,21549043.66,-496895.7007,14535342.22,1480469.108
228,Nonferrous metal foundries,2582.372803,607803039.6,176818069.5,-2238088.846,59726928.71,7581587.791
229,Custom roll forming,34.34504318,16870225.91,1487044.692,461484.9091,817790.2102,125317.7822
230,Crown and closure manufacturing and metal stamping,672.3595581,180955642.7,41842014.31,2894659.996,20261180.88,1158329.368
231,Iron and steel forging,262.7869263,79468910.22,15008358,851707.1009,5810448.17,621082.8424
232,Nonferrous forging,123.0964355,32307674.41,5975128.174,497400.8799,1588099.599,255057.3349
233,"Cutlery, utensil, pot, and pan manufacturing",19.75356483,8556582.451,480552.1667,574128.3298,1266332.269,85751.05667
234,Handtool manufacturing,289.770874,62985248.57,14951588.63,2022585.63,9944491.386,534715.0564
235,Prefabricated metal buildings and components manufacturing,817.6512451,225639068.6,41033229.83,4870239.258,17796842.58,1914114.118
236,Fabricated structural metal manufacturing,1333.252808,417621337.9,81516708.37,7569773.197,42259063.72,3241555.929
237,Plate work manufacturing,775.0287476,157163177.5,44967929.84,4710982.8,693461.7162,1238684.416
238,Metal window and door manufacturing,3409.654785,816549316.4,186878952,3304224.491,104862075.8,6437194.347
239,Sheet metal work manufacturing,2177.560791,474328949,140376693.7,8073238.373,42945762.63,3285103.798
240,Ornamental and architectural metal work manufacturing,659.59375,143367950.4,33415752.41,9526278.496,12109475.14,998712.7781
241,Power boiler and heat exchanger manufacturing,157.545166,46601703.64,12217638.97,363219.5592,5434664.726,356860.8463
242,Metal tank (heavy gauge) manufacturing,1736.010254,433276916.5,117457824.7,2699562.788,26295892.72,3381799.698
243,Metal cans manufacturing,608.7055054,489989318.8,46785045.62,369964.54,63384395.6,3570847.511
244,"Metal barrels, drums and pails manufacturing",630.3312378,184085662.8,34226352.69,1247866.392,8074508.667,1344102.144
245,Hardware manufacturing,152.543457,49936897.28,8854013.443,735500.4549,5970971.107,423381.1498
246,Spring and wire product manufacturing,1519.830566,367997070.3,80310569.76,2988912.106,30776865.01,2710722.208
247,Machine shops,3959.692627,581084838.9,212707901,41432411.19,33814613.34,4036321.64
248,"Turned product and screw, nut, and bolt manufacturing",797.8815308,181077560.4,40709095,3567610.979,16913291.93,1380043.03
249,Metal heat treating,472.1186523,130557556.2,35285449.98,1257076.263,20865278.24,912770.3905
250,Metal coating and nonprecious engraving,667.1251221,165799346.9,35619373.32,6739946.842,29503410.34,1158975.482
251,"Electroplating, anodizing, and coloring metal",2140.577148,301414672.9,110863266,5893538.952,12629507.06,2106948.614
252,"Valve and fittings, other than plumbing, manufacturing",1735.26355,577298034.7,133216110.2,2773504.019,86912986.76,4444784.164
253,Plumbing fixture fitting and trim manufacturing,390.8409119,215946533.2,19195568.08,269222.2595,39009986.88,2413124.323
254,Ball and roller bearing manufacturing,270.838562,93523155.21,23096017.84,147418.5735,20162754.06,550723.1951
255,Small arms ammunition manufacturing,2074.255127,720209228.5,148898025.5,1656985.164,208574401.9,11116749.76
256,"Ammunition, except for small arms, manufacturing",0,0,0,0,0,0
257,"Small arms, ordnance, and accessories manufacturing",78.56351471,29748767.85,4303281.307,1481521.964,7228611.469,331103.7421
258,Fabricated pipe and pipe fitting manufacturing,376.4767761,80468673.71,24395256.04,2769039.869,4057708.74,617982.626
259,Other fabricated metal manufacturing,3364.319092,781800964.4,226540191.7,12268465.04,81540824.89,6007978.439
260,Farm machinery and equipment manufacturing,451.8120728,180792251.6,20641119,4375068.665,7013892.651,1607308.269
261,Lawn and garden equipment manufacturing,210.695816,103095756.5,8677743.912,112810.3286,5749099.255,828856.647
262,Construction machinery manufacturing,122.2087173,67976516.72,6972016.335,1498643.041,5696731.567,695080.6975
263,Mining machinery and equipment manufacturing,302.4594421,89883140.56,25216960.91,658529.8777,5910915.852,759290.9336
264,Oil and gas field machinery and equipment manufacturing,0,0,0,0,0,0
265,Semiconductor machinery manufacturing,0,0,0,0,0,0
266,Food product machinery manufacturing,389.9197998,121824554.4,31020523.07,821687.6388,6489192.486,1037680.864
267,"Sawmill, woodworking, and paper machinery",152.3231659,37651649.48,8279088.974,1693441.033,600769.937,361790.9849
268,Printing machinery and equipment manufacturing,495.9862671,138803085.3,44354804.99,484007.8056,5373819.351,933795.5117
269,All other industrial machinery manufacturing,518.1372681,129767150.9,30347417.83,2672767.401,8688796.043,952921.2713
270,Optical instrument and lens manufacturing,288.442627,98210601.81,23669137.95,515274.0479,12123831.75,584782.7792
271,Photographic and photocopying equipment manufacturing,22.22097015,7963902.95,648125.2313,223201.707,296757.6981,53673.85224
272,Other commercial service industry machinery manufacturing,2444.662109,902884094.2,176725982.7,3582656.622,124103988.6,6889534.473
273,Air purification and ventilation equipment manufacturing,1373.254395,353574066.2,81194793.7,2382460.117,31297006.61,2952061.653
274,Heating equipment (except warm air furnaces) manufacturing,232.590332,68054428.1,17587579.73,858382.1654,8410476.685,506097.3167
275,"Air conditioning, refrigeration, and warm air heating equipment manufacturing",6772.388184,2707654297,443300506.6,2411031.485,341091430.7,24012319.56
276,Industrial mold manufacturing,1158.683105,201985626.2,81431915.28,2452982.187,11051373.48,1363456.845
277,"Special tool, die, jig, and fixture manufacturing",2424.3125,443784149.2,181572876,6556891.918,52618499.76,2894186.974
278,Cutting tool and machine tool accessory manufacturing,138.1640015,22062345.5,5758366.108,672045.5885,515103.7574,175819.993
279,Machine tool manufacturing,1507.343872,337752319.3,94223243.71,4118567.944,10686910.63,2353005.648
280,Rolling mill and other metalworking machinery manufacturing,161.831131,40334266.66,10338749.89,1084333.181,2667803.526,285833.478
281,Turbine and turbine generator set units manufacturing,231.5866394,104983909.6,21968990.33,332979.3811,6585060.596,715724.2298
282,"Speed changer, industrial high-speed drive, and gear manufacturing",355.6398315,97163169.86,20772422.79,714065.4325,8959856.987,757066.5479
283,Mechanical power transmission equipment manufacturing,87.39993286,24369173.05,5737440.586,194581.2106,3208788.633,173807.7551
284,Other engine equipment manufacturing,2448.71167,2050142090,151523483.3,1288017.631,122068794.3,19362695.69
285,Pump and pumping equipment manufacturing,410.2049255,182253524.8,38067348.48,672688.365,25907228.47,1367985.01
286,Air and gas compressor manufacturing,509.5065613,242420837.4,43497547.15,476669.7884,24063379.29,1932017.088
287,Elevator and moving stairway manufacturing,380.2735596,179983230.6,37632061,384006.1724,20796772,1183921.456
288,Conveyor and conveying equipment manufacturing,507.5640869,129819610.6,47505802.15,1764217.854,1053151.369,936483.86
289,"Overhead cranes, hoists, and monorail systems manufacturing",191.9410248,91581611.63,13311472.89,948966.8608,11868355.75,750202.9538
290,"Industrial truck, trailer, and stacker manufacturing",117.3823547,42423976.9,7171359.062,417031.5564,3475957.155,346716.3146
291,Power-driven handtool manufacturing,36.49608612,19054157.26,3019016.504,284944.8025,3692427.874,144880.0266
292,Welding and soldering equipment manufacturing,342.5658875,131019683.8,37797279.36,1527057.052,11505398.75,836996.0189
293,Packaging machinery manufacturing,515.2976685,165510986.3,39740608.22,1797767.162,19427715.3,1196410.06
294,Industrial process furnace and oven manufacturing,303.590271,70299278.26,20182859.42,766769.9456,5239603.519,506847.8584
295,Fluid power cylinder and actuator manufacturing,47.4973526,11071139.34,1130932.212,1349770.665,398886.5912,102713.041
296,Fluid power pump and motor manufacturing,3.999722958,1423149.705,202294.2305,52329.8867,97043.43975,12208.26712
297,"Scales, balances, and miscellaneous general purpose machinery manufacturing",1747.114136,477125518.8,114257522.6,2163128.376,31725152.97,3550896.168
298,Electronic computer manufacturing,53.87666702,60457695.01,4228660.583,-502384.901,12916391.37,1234946.132
299,Computer storage device manufacturing,14.43448925,21497053.15,1181068.778,-213253.3193,5122289.181,348418.2954
300,Computer terminals and other computer peripheral equipment manufacturing,60.07000351,39485420.23,5198970.318,-266479.7604,9855062.485,571263.2537
301,Telephone apparatus manufacturing,83.59320831,50852737.43,3314747.81,-225533.1874,7255496.979,1136253.715
302,Broadcast and wireless communications equipment manufacturing,74.71123505,17179201.13,1339477.539,-2532482.386,1470413.923,410519.1231
303,Other communications equipment manufacturing,685.8424683,284424652.1,51323947.91,-1818504.81,74355323.79,3786409.616
304,Audio and video equipment manufacturing,96.09064484,44457668.3,4408836.842,-2477087.021,7866823.673,840159.9526
305,Printed circuit assembly (electronic assembly) manufacturing,165.8604889,57786689.76,7554214.954,-930176.0793,10875748.63,845546.1264
306,Bare printed circuit board manufacturing,82.91349792,20489229.2,4905184.269,-476630.9559,3687181.473,301934.7191
307,Semiconductor and related device manufacturing,767.2897339,557486022.9,80391799.93,-1100361.109,149890731.8,8486134.529
308,"Capacitor, resistor, coil, transformer, and other inductor manufacturing",9.911131859,2105427.027,416795.5816,-173292.9796,347410.7981,31887.66167
309,Electronic connector manufacturing,806.2475586,285016571,53105850.22,-399093.3299,60490406.04,3788440.704
310,Other electronic component manufacturing,3331.184082,1020582336,358687835.7,-1500745.535,98483306.88,11919142.72
311,Electromedical and electrotherapeutic apparatus manufacturing,27.63880539,12795534.13,1645720.482,-1115008.235,4611660.004,236876.592
312,"Search, detection, and navigation instruments manufacturing",142.0239258,94699485.78,21778163.91,-640670.0611,41687900.54,790733.5758
313,Automatic environmental control manufacturing,1335.591187,309473754.9,84530609.13,-1367993.474,55251308.44,4699625.969
314,Industrial process variable instruments manufacturing,205.3573303,60581310.27,12644946.1,-834851.6822,13352272.03,965572.238
315,Totalizing fluid meter and counting device manufacturing,5.56536293,1448783.04,104300.8119,-297139.1976,283008.8735,39568.33109
316,Electricity and signal testing instruments manufacturing,146.5911865,57873306.27,8426680.565,-2487901.449,8879682.541,1008950.114
317,Analytical laboratory instrument manufacturing,921.4501953,493964172.4,93505920.41,-2072865.248,172572494.5,5996103.287
318,Irradiation apparatus manufacturing,33.51670837,21153909.68,2788895.13,-557598.8293,6816612.244,307113.9157
319,"Watch, clock, and other measuring and controlling device manufacturing",194.9322357,78780151.37,15786680.22,-2981240.749,30090385.44,989096.3435
320,Blank magnetic and optical recording media manufacturing,0,0,0,0,0,0
321,Software and other prerecorded and record reproducing,125.8013611,38056785.58,9696309.09,-1507996.559,10244257.93,562378.8834
322,Electric lamp bulb and part manufacturing,25.27342987,9860193.253,1721029.758,74532.76962,1783551.574,87572.93224
323,Lighting fixture manufacturing,540.3560181,185088439.9,38610233.31,1545885.444,31103528.98,1343351.96
324,Small electrical appliance manufacturing,210.9077759,104261879,12515789.99,505601.1677,20632717.13,1011925.817
325,Household cooking appliance manufacturing,41.17868805,19033214.57,1235472.441,562041.6999,2581714.63,208034.9028
326,Household refrigerator and home freezer manufacturing,45.997612,26735147.48,1609774.947,833184.8383,4662482.738,266728.7886
327,Household laundry equipment manufacturing,43.57140732,25545063.02,1516364.932,498498.112,2624976.635,245352.5662
328,Other major household appliance manufacturing,26.32995224,11859291.08,748606.6222,538737.3567,1889368.057,124062.5083
329,"Power, distribution, and specialty transformer manufacturing",1720.245972,672466918.9,158395721.4,1247900.486,108922210.7,4861946.583
330,Motor and generator manufacturing,1294.521729,537176391.6,116691093.4,2411259.413,96850074.77,3934980.154
331,Switchgear and switchboard apparatus manufacturing,910.4991455,387318115.2,78322334.29,1190654.516,72308174.13,2883759.26
332,Relay and industrial control manufacturing,246.3599548,79075904.85,17665592.19,1416938.424,9014498.711,664799.273
333,Storage battery manufacturing,3228.157471,1274887939,243758148.2,560947.1798,207771163.9,8559544.563
334,Primary battery manufacturing,73.47605133,64713172.91,10914714.81,262771.219,39661304.47,-8359637.26
335,Fiber optic cable manufacturing,225.3319702,132053344.7,15441503.52,375340.5809,11962947.85,931419.3726
336,Other communication and energy wire manufacturing,0,0,0,0,0,0
337,Wiring device manufacturing,2512.501465,1062299805,172954254.2,1818267.107,266623474.1,6806025.982
338,Carbon and graphite product manufacturing,29.11798859,9785729.408,1624321.103,326015.83,1058793.187,80892.24249
339,All other miscellaneous electrical equipment and component manufacturing,415.5835876,113470809.9,26916206.36,2401392.46,6034885.406,868378.6392
340,Automobile manufacturing,634.4547119,957659301.8,48697395.32,233584.3146,87747970.58,3760652.781
341,Light truck and utility vehicle manufacturing,11226.4834,23625970703,1204245117,20326.81368,1807933838,90995750.43
342,Heavy duty truck manufacturing,43.62645721,42841522.22,3545303.345,167694.3004,1920071.721,121832.8327
343,Motor vehicle body manufacturing,1244.213623,399499054,64047088.62,1647228.718,10260268.21,1291861.057
344,Truck trailer manufacturing,875.8147583,271102752.7,50602188.11,1310872.078,8212530.136,845262.5275
345,Motor home manufacturing,0,0,0,0,0,0
346,Travel trailer and camper manufacturing,642.105957,188130950.9,27836328.51,870506.8827,971419.692,615100.0261
347,Motor vehicle gasoline engine and engine parts manufacturing,918.1530762,478930084.2,47363780.98,1147661.567,9946551.323,1563752.413
348,Motor vehicle electrical and electronic equipment manufacturing,901.7198486,422069610.6,52820308.69,963841.3191,13088574.41,1687526.226
349,Motor vehicle transmission and power train parts manufacturing,760.7162476,430532989.5,49079013.82,256794.1248,12519685.75,1387272.239
350,Motor vehicle seating and interior trim manufacturing,2972.397949,1605395386,193599304.2,146951.2135,48138847.35,5487130.165
351,Motor vehicle metal stamping,1366.261719,500874725.3,72696006.77,307364.7618,12277036.67,1660680.652
352,Other motor vehicle parts manufacturing,2662.9375,1404821899,164174423.2,1323555.231,55151153.56,4699084.282
353,"Motor vehicle steering, suspension component (except spring), and brake systems manufacturing",597.550293,296712280.3,40052886.96,319442.9278,12495824.81,989177.1674
354,Aircraft manufacturing,11744.1084,7970026367,1917276489,1578932.166,-380175689.7,72345382.69
355,Aircraft engine and engine parts manufacturing,285.5986328,138158035.3,17589797.97,3836366.653,-3882335.186,1055512.905
356,Other aircraft parts and auxiliary equipment manufacturing,2737.345215,744359436,227820053.1,5511809.349,-22037599.56,5703170.3
357,Guided missile and space vehicle manufacturing,292.4250183,136620025.6,59521339.42,674689.7697,-3243137.598,768822.968
358,Propulsion units and parts for space vehicles and guided missiles manufacturing,59.52267075,19241756.44,8702322.006,117679.365,-474953.8004,120217.3606
359,Railroad rolling stock manufacturing,391.6213074,224847091.7,29876914.98,760905.7426,-2415190.22,1825001.836
360,Ship building and repairing,752.9523315,161200668.3,47265266.42,332094.3117,-2078256.13,785209.8942
361,Boat building,1928.53064,464723266.6,80194343.57,2427716.017,-5396180.153,3443013.43
362,"Motorcycle, bicycle, and parts manufacturing",678.0424805,315234771.7,51399818.42,1044528.484,-20677606.58,3039032.459
363,"Military armored vehicle, tank, and tank component manufacturing",261.9159851,136845871,29543397.9,103193.0149,-4219650.269,1190636.635
364,All other transportation equipment manufacturing,663.2571411,319760589.6,37181118.01,1878038.287,-8136987.686,2974543.81
365,Wood kitchen cabinet and countertop manufacturing,3630.989746,513250000,159639007.6,2865099.669,62023483.28,3251163.006
366,Upholstered household furniture manufacturing,821.0443726,160431625.4,36207305.91,83420.4033,9934947.014,1458463.192
367,Nonupholstered wood household furniture manufacturing,401.3989258,54314399.72,17703771.59,617599.9641,2642114.162,337176.4421
368,Other household nonupholstered furniture manufacturing,74.84194946,19255064.01,3314286.47,24688.44876,1328459.263,143379.7628
369,Institutional furniture manufacturing,305.2735596,56961360.93,14891021.73,173378.095,1056209.564,424185.8423
370,Wood office furniture manufacturing,309.9807739,61386611.94,10382593.15,318487.5548,4160458.088,504346.9071
371,Custom architectural woodwork and millwork,509.6802979,76708671.57,22694547.65,311311.394,-1011442.78,490357.846
372,"Office furniture, except wood, manufacturing",153.5373383,47903499.6,8638345.718,144315.1534,5654228.21,371740.371
373,"Showcase, partition, shelving, and locker manufacturing",1414.137329,291597290,79096588.13,317549.3479,29412014.01,1863736.033
374,Mattress manufacturing,111.3619385,37420867.92,3818358.183,75473.39797,3894506.454,264614.8503
375,Blind and shade manufacturing,10.27262402,1522820.354,75215.1832,47292.38153,2477.161586,11556.46704
376,Surgical and medical instrument manufacturing,898.2288818,422950256.3,74787620.54,3110687.256,96834541.32,4139279.366
377,Surgical appliance and supplies manufacturing,951.5378418,412139556.9,69531829.83,6015743.732,92599700.93,4104058.266
378,Dental equipment and supplies manufacturing,143.3735504,51797546.39,11851360.32,435972.9588,12387466.43,448978.2155
379,Ophthalmic goods manufacturing,584.4454346,224388397.2,47121730.8,545876.6222,72500442.5,1861446.261
380,Dental laboratories,1058.030518,103143417.4,53542087.55,8740451.813,-1235262.036,857832.0742
381,Jewelry and silverware manufacturing,800.1533203,132657287.6,22907890.32,11171636.58,10895833.97,4625718.594
382,Sporting and athletic goods manufacturing,1412.306519,371070312.5,73810539.25,20021903.99,39217338.56,4123703.957
383,"Doll, toy, and game manufacturing",227.9068451,64386215.21,6501135.826,5414511.681,8004179.955,658639.5502
384,Office supplies (except paper) manufacturing,243.1365662,65149093.63,16757305.15,4357913.971,7726921.082,460399.9853
385,Sign manufacturing,2223.747314,293845428.5,85126945.5,62233032.23,-6706469.059,2203196.526
386,"Gasket, packing, and sealing device manufacturing",684.7886353,167386077.9,47653434.75,5496006.012,19061403.27,1453904.033
387,Musical instrument manufacturing,112.2768555,14713572.5,1938997.865,5035171.032,-4427.960142,121905.7143
388,"Fasteners, buttons, needles, and pins manufacturing",0,0,0,0,0,0
389,"Broom, brush, and mop manufacturing",132.0800934,36271331.79,4538234.234,2275975.466,5208130.36,315956.4734
390,Burial casket manufacturing,46.51311874,7166518.688,1854578.972,767848.0744,387044.8172,79169.76511
391,All other miscellaneous manufacturing,1637.223389,274994689.9,48817672.73,51069293.98,9855813.026,2413514.137
392,Wholesale - Motor vehicle and motor vehicle parts and supplies,9660.482422,3818510254,665013427.7,43980411.53,1037475098,98487907.41
393,Wholesale - Professional and commercial equipment and supplies,13012.39453,4489072754,1397914307,93528701.78,1065671143,124194061.3
394,Wholesale - Household appliances and electrical and electronic goods,6717.744629,3159344727,551553772,44705337.52,852361999.5,89235298.16
395,"Wholesale - Machinery, equipment, and supplies",14753.88477,4016950928,1173560425,102294868.5,951794189.5,133331069.9
396,Wholesale - Other durable goods merchant wholesalers,23438.90625,5511904785,1532571533,180384033.2,933061157.2,185311004.6
397,Wholesale - Drugs and druggistsâ€™ sundries,4797.365723,4031047852,588833007.8,35972438.81,1319236938,47676986.69
398,Wholesale - Grocery and related product wholesalers,13100.81348,2558057617,869728515.6,64174079.9,372145690.9,31241716.38
399,Wholesale - Petroleum and petroleum products,2123.914307,2539442871,140465469.4,27291484.83,328638549.8,1669451904
400,Wholesale - Other nondurable goods merchant wholesalers,24017.41992,7122323730,1646988647,175894195.6,1388801270,622830810.5
401,Wholesale - Wholesale electronic markets and agents and brokers,15795.90723,1093953491,1318919312,338818206.8,-698951171.9,5986629.963
402,Retail - Motor vehicle and parts dealers,19792.02148,2307712646,929268554.7,74515945.43,237027847.3,289489654.5
403,Retail - Furniture and home furnishings stores,11987.27344,1006485291,417308532.7,46256767.27,28360641.48,96293708.8
404,Retail - Electronics and appliance stores,10457.7373,899061401.4,444830902.1,48230834.96,-56165222.17,80389709.47
405,Retail - Building material and garden equipment and supplies stores,29664.50977,3073756836,1076333862,52249916.08,516571777.3,387703521.7
406,Retail - Food and beverage stores,43965.1875,2947297119,1139906616,65612152.1,264179657,216796203.6
407,Retail - Health and personal care stores,25902.72266,1989008911,984083313,63996154.79,110503334,102133667
408,Retail - Gasoline stores,23360.50977,2395206787,566652221.7,160390350.3,179632583.6,309534362.8
409,Retail - Clothing and clothing accessories stores,21998.45313,1736560425,417889282.2,65304862.98,106452018.7,166885055.5
410,"Retail - Sporting goods, hobby, musical instrument and book stores",17331.5,881518493.7,348790039.1,46075588.23,25172756.2,84771224.98
411,Retail - General merchandise stores,64095.89063,4282340820,1831692383,31394515.99,192814910.9,483434051.5
412,Retail - Miscellaneous store retailers,35994.83984,1425377930,510218627.9,120339592,-29513742.45,158726776.1
413,Retail - Nonstore retailers,36567.87891,5458308105,656148864.7,122837287.9,1786358765,266917297.4
414,Air transportation,4892.632813,2043957764,379183715.8,129450958.3,559207092.3,347008422.9
415,Rail transportation,6504.800293,3180548828,818714233.4,-15154764.18,791693298.3,31277662.28
416,Water transportation,448.2489319,323007843,35325519.56,16606382.37,27838737.49,13262308.12
417,Truck transportation,54430.44531,8857661133,2555694092,742918762.2,615239013.7,111211921.7
418,Transit and ground passenger transportation,18081.3125,740266845.7,242516113.3,105969520.6,72511184.69,56098480.22
419,Pipeline transportation,417.7474976,192553207.4,52913326.26,2332550.049,44151233.67,37451938.63
420,Scenic and sightseeing transportation and support activities for transportation,15484.73145,2315749023,857279968.3,33926319.12,103998100.3,46978168.49
421,Couriers and messengers,16658.29883,1668450806,585244934.1,15590513.23,250621521,23371110.92
422,Warehousing and storage,17574.72266,2131047363,886337524.4,30207860.95,167272171,15919116.97
423,Newspaper publishers,3748.950684,353208252,140046829.2,-339459.5385,103260856.6,2881480.455
424,Periodical publishers,1663.070313,300503814.7,111227218.6,-200291.0972,60695812.23,2097218.037
425,Book publishers,457.8840637,149534515.4,16926918.03,-92879.04948,42919960.02,1377741.814
426,"Directory, mailing list, and other publishers",831.1900635,243850845.3,45030548.1,-84259.96453,111344261.2,1750851.75
427,Greeting card publishing,222.713501,119050033.6,23849838.26,-12548.63478,69401649.48,614256.2628
428,Software publishers,3550.800293,1172561646,321320587.2,706165.7906,596976257.3,13695230.48
429,Motion picture and video industries,4258.875977,778554443.4,103722839.4,26690849.3,56522224.43,65802810.67
430,Sound recording industries,458.6038208,128456298.8,6957912.445,9923035.622,24543403.63,28881452.56
431,Radio and television broadcasting,4828.28125,1463872803,276476257.3,226554977.4,-165148315.4,19488067.63
432,Cable and other subscription programming,2744.950928,4284232422,156203674.3,16355342.86,804924682.6,91066551.21
433,Wired telecommunications carriers,13251.96387,6252891113,1306388550,-81834220.89,1416651367,320949585
434,Wireless telecommunications carriers (except satellite),2684.660645,3646701660,132278640.7,-81135810.85,793990844.7,149632202.1
435,"Satellite, telecommunications resellers, and all other telecommunications",2762.077148,699827697.8,103766777,-50295871.73,34704471.59,32205890.66
436,"Data processing, hosting, and related services",11842.74805,6745435059,1722580200,9153950.691,2245205322,55337306.98
437,"News syndicates, libraries, archives and all other information services",656.9365845,105251373.3,41210098.27,-8890128.136,27895565.03,954160.8095
438,Internet publishing and broadcasting and web search portals,885.4698486,715774841.3,74038665.77,-14690969.47,140438293.5,6413082.6
439,Nondepository credit intermediation and related activities,21010.92578,3688709229,1396707031,61854496,394976593,139714569.1
440,Securities and commodity contracts intermediation and brokerage,23168.64648,5175577148,2111108643,322032959,-378749450.7,120006462.1
441,Monetary authorities and depository credit intermediation,44004.82422,15367342773,3576305420,7188026.428,4841016113,380949859.6
442,Other financial investment activities,35389.79297,4339737793,857367004.4,684181945.8,-159525833.1,122818771.4
443,Direct life insurance carriers,3692.171631,1147694336,397608642.6,849607.9445,243178329.5,76914016.72
444,"Insurance carriers, except direct life",16678.11133,10868055664,1553613037,7790934.086,2350455078,574486145
445,"Insurance agencies, brokerages, and related activities",43678.17578,10355632813,2805347168,423424865.7,1243313721,70794548.03
446,"Funds, trusts, and other financial vehicles",9498.577148,2794828125,209570480.3,55569381.71,1625083.327,685580.492
447,Other real estate,114224.8359,18832492188,1180130005,695061157.2,3584013672,217108383.2
448,Tenant-occupied housing,29147.99805,8407419922,288444976.8,157051788.3,6294790039,499844757.1
449,Owner-occupied dwellings,0,25131123047,0,0,17032917969,2857352051
450,Automotive equipment rental and leasing,5683.650879,2019298950,253792160,172989776.6,1010911926,94390556.34
451,General and consumer goods rental except video tapes and discs,6369.428223,855597229,227084304.8,246718109.1,35954494.48,55915016.17
452,Video tape and disc rental,2223.618652,267909973.1,84015899.66,22517116.55,36621406.56,22639652.25
453,Commercial and industrial machinery and equipment rental and leasing,5533.445801,2002117676,238307525.6,453620788.6,592515441.9,77405502.32
454,Lessors of nonfinancial intangible assets,669.6026611,1609222534,39802017.21,3934024.811,1283397461,17161315.92
455,Legal services,28640.32031,6322802246,2080244385,472535186.8,1812386108,43225025.18
456,"Accounting, tax preparation, bookkeeping, and payroll services",27181.74414,3646819824,1595158325,469352020.3,497493835.4,33133869.17
457,"Architectural, engineering, and related services",26593.87305,5163017578,2391163818,258510406.5,327180419.9,40712730.41
458,Specialized design services,5327.233887,444759552,124067161.6,220369094.8,1589911.819,12971309.66
459,Custom computer programming services,21836.19141,3476647705,1836421631,171358764.6,321215454.1,42850448.61
460,Computer systems design services,29778.81836,4283136719,2819467529,202760452.3,112471664.4,51117446.9
461,"Other computer related services, including facilities management",4698.971191,1708762939,454410400.4,39018871.31,614188903.8,19043487.55
462,Management consulting services,26532.17383,3305877686,1458758789,656849487.3,-57629760.74,27815380.1
463,Environmental and other technical consulting services,5100.706543,483903259.3,234105407.7,138560897.8,-59737686.16,4986185.551
464,Scientific research and development services,38921.42188,9352225586,3150929932,118941947.9,1054798096,94864044.19
465,"Advertising, public relations, and related services",14409.32422,2512076904,856092651.4,207736709.6,303188690.2,53145355.22
466,Photographic services,4782.424805,223822464,37509925.84,241431823.7,-157064147.9,12242816.93
467,Veterinary services,5545.96875,519042602.5,207895614.6,31689905.17,64832862.85,7063740.253
468,"Marketing research and all other miscellaneous professional, scientific, and technical services",21520.62109,1762015869,530655029.3,883706787.1,-216267425.5,14586833
469,Management of companies and enterprises,69166.70313,14048126953,8472875000,-20887964.25,1048410278,184531875.6
470,Office administrative services,12638.90039,867602172.9,780402404.8,73531555.18,-464343505.9,4150282.86
471,Facilities support services,3157.152832,400556304.9,85612792.97,8110075.951,38361274.72,2422868.252
472,Employment services,57418.66016,5664342285,2089309570,33804313.66,1427327637,31275091.17
473,Business support services,24201.62891,1752328125,1129558716,72251388.55,-161578765.9,14659238.82
474,Travel arrangement and reservation services,5835.572754,1102171875,316938751.2,14073975.56,137948226.9,6799151.897
475,Investigation and security services,16318.14063,887523864.7,530303161.6,50999923.71,3571647.406,10205586.43
476,Services to buildings,41495.54688,1804501099,699467346.2,307384735.1,14715511.32,31661281.59
477,Landscape and horticultural services,23921.40625,1346257690,543325134.3,187727706.9,22608840.94,25139577.87
478,Other support services,11661.71777,1428039429,546321777.3,45569675.45,190081955,13279402.73
479,Waste management and remediation services,7332.509277,1508100586,431542816.2,13309967.04,355571441.7,25465511.32
480,Elementary and secondary schools,9084.243164,427900817.9,397321014.4,14922700.88,-73821685.79,8576766.968
481,"Junior colleges, colleges, universities, and professional schools",30008.51172,2718142090,1412989746,9906335.831,396107940.7,59423942.57
482,Other educational services,22162.64648,1016295593,414325073.2,122074935.9,-76598922.73,26369012.83
483,Offices of physicians,46656.5625,9317375000,5219490723,277579223.6,1000461548,80728378.3
484,Offices of dentists,16575.90625,2094620850,994656311,85311874.39,294994995.1,16939004.9
485,Offices of other health practitioners,24080.85938,1710689453,769044128.4,495677856.4,-107471618.7,26433557.51
486,Outpatient care centers,15571.49121,1932628540,913492309.6,34411708.83,32093944.55,19746444.7
487,Medical and diagnostic laboratories,3977.578857,711632019,242091033.9,32527381.9,146129043.6,7704716.682
488,Home health care services,25699.48828,1178232666,772317260.7,336200470,-273110046.4,14713292.12
489,Other ambulatory health care services,7035.291016,740212280.3,342222930.9,53929595.95,36968570.71,6744606.018
490,Hospitals,128383.0859,22039218750,9378982422,34055599.21,1606084839,441549438.5
491,Nursing and community care facilities,59335.35547,4369439453,2003387207,27640628.81,239529754.6,142607559.2
492,"Residential mental retardation, mental health, substance abuse and other facilities",18231.05664,1074436523,608542846.7,8854662.895,27373416.9,24418933.87
493,Individual and family services,77930.71094,2674610840,1452142578,263935852.1,-80958572.39,23803903.58
494,Child day care services,20513.72656,870520874,428126098.6,68113891.6,130705093.4,10942349.43
495,"Community food, housing, and other relief services, including rehabilitation services",10282.11816,876206298.8,320258636.5,7608231.068,42979549.41,6732588.291
496,Performing arts companies,5236.677246,506303955.1,110556564.3,22675920.49,90715034.48,43639251.71
497,Commercial Sports Except Racing,6230.866211,1015971680,612393615.7,44756412.51,3759351.73,87319892.88
498,Racing and Track Operation,953.107605,82370178.22,18212427.14,6447392.941,7173313.618,7516801.357
499,"Independent artists, writers, and performers",16080.6582,386581634.5,24415830.61,160951797.5,21808570.86,88557128.91
500,Promoters of performing arts and sports and agents for public figures,4440.620117,791141235.4,95630584.72,16641014.1,181687835.7,93500907.9
501,"Museums, historical sites, zoos, and parks",2432.52832,215205429.1,92867897.03,-855669.9157,19074623.11,14242805.48
502,Amusement parks and arcades,2575.143555,169083877.6,55475013.73,1569325.089,18302566.53,39598648.07
503,Gambling industries (except casino hotels),9300.995117,1338570435,338350585.9,8501956.94,386528381.3,102022415.2
504,Other amusement and recreation industries,10867.87891,534712158.2,214741287.2,22991167.07,-1310669.303,48573966.98
505,Fitness and recreational sports centers,10129.33398,392680877.7,145782699.6,18996337.89,16782228.47,38565994.26
506,Bowling centers,1743.889038,87248718.26,27485578.54,3142451.525,4247562.408,7651786.327
507,"Hotels and motels, including casino hotels",30218.99805,2969546387,1033131958,7091480.255,498847808.8,205708099.4
508,Other accommodations,10023.42285,752896423.3,421879394.5,4204895.02,94047706.6,23497135.16
509,Full-service restaurants,106777.8672,6431498535,2317220459,71908012.39,796757995.6,315476745.6
510,Limited-service restaurants,111423.8828,7738670410,2000438354,111868270.9,760454772.9,451672851.6
511,All other food and drinking places,51854.875,2898855469,1314238647,95907661.44,293783386.2,129488510.1
512,"Automotive repair and maintenance, except car washes",40416.69531,3634251465,1506872192,484403411.9,63319465.64,323691162.1
513,Car washes,20169.69141,2224361328,807943237.3,127705032.3,265321167,239826751.7
514,Electronic and precision equipment repair and maintenance,5175.143555,823182617.2,281763244.6,58959651.95,137558059.7,29746030.81
515,Commercial and industrial machinery and equipment repair and maintenance,7882.539551,1073430176,462190460.2,106730949.4,63607482.91,53247772.22
516,Personal and household goods repair and maintenance,10818.38672,582701171.9,131042038,348345214.8,-85311813.35,36283378.6
517,Personal care services,36430.66797,1068833374,313905548.1,671703674.3,-210102951,31366737.37
518,Death care services,3274.248047,266817993.2,119323616,10415833.47,24877462.39,9915299.416
519,Dry-cleaning and laundry services,5656.586914,322616516.1,185471740.7,16610328.67,4400383.949,13065663.34
520,Other personal services,29272.94141,861219482.4,247148757.9,534037780.8,-214160324.1,32674598.69
521,Religious organizations,45691.73047,4348503906,2509182373,4734645.844,-1237784546,0
522,"Grantmaking, giving, and social advocacy organizations",6407.232422,1445823853,258551178,26013261.8,590312988.3,24483070.37
523,Business and professional associations,5396.899414,958336731,300294738.8,27125694.27,184245819.1,19961269.38
524,Labor and civic organizations,16367.20996,1784399414,333031768.8,62878166.2,529145874,37142795.56
525,Private households,10704.25488,148825164.8,148825164.8,0,0,0
526,Postal service,15938.43555,1531688721,1382609253,0,1044711.351,0
527,Federal electric utilities,0,0,0,0,0,0
528,Other federal government enterprises,553.487854,26147771.84,64527641.3,0,54960887.91,-194142395
529,State government passenger transit,0,0,0,0,0,0
530,State government electric utilities,0,0,0,0,0,0
531,Other state government enterprises,366.1278076,73736679.08,23558961.87,0,8382402.42,-1842925.31
532,Local government passenger transit,4969.086914,320286987.3,266566650.4,0,-393506378.2,-50449.95621
533,Local government electric utilities,1569.005737,793114868.2,136396774.3,0,220570831.3,0
534,Other local government enterprises,11904.29883,3944457031,985472168,0,1218929810,-143967666.6
535,* Not an industry (Used and secondhand goods),0,0,0,0,0,0
536,* Not an industry (Scrap),0,0,0,0,0,0
537,* Not an industry (Rest of world adjustment),0,0,0,0,0,0
538,* Not an industry (Noncomparable foreign imports),0,0,0,0,0,0
539,"* Employment and payroll of state govt, education",28783.9375,1445190552,1256114136,0,189076416,0
540,"* Employment and payroll of state govt, non-education",62180.02734,4464106934,3855635498,0,608471496.6,0
541,"* Employment and payroll of local govt, education",138781.8438,10060118164,8668692383,0,1391425659,0
542,"* Employment and payroll of local govt, non-education",97486.67969,6550964844,5647504395,0,903460388.2,0
543,"* Employment and payroll of federal govt, military",38435.29688,2453800781,2241416260,0,212384368.9,0
544,"* Employment and payroll of federal govt, non-military",41048.07031,6234217285,4506490234,0,1727726807,0
