Industry Detail ,,,,,,,
IndustryCode,Description,Employment,Output,EmployeeCompensation,ProprietorIncome,OtherPropertyTypeIncome,TaxOnProductionAndImports
0,Total,108540.70923140645,17139533994.030209,5347994743.8562527,521727259.16822672,2421788361.1423316,982537189.72776735
1,Oilseed farming,0.73555058240890503,152784.28792953491,264.15649335831404,36650.132387876511,108580.06775379181,-2012.5636365264654
2,Grain farming,9.1963109970092773,949545.50266265869,47578.953206539154,69871.984422206879,457523.07772636414,-12859.142385423183
3,Vegetable and melon farming,9.7289905548095703,615647.61400222778,72458.766400814056,21524.213254451752,235765.45715332031,229.65432435739785
4,Fruit farming,17.02507209777832,799121.49906158447,99708.370864391327,21882.189437747002,368980.82494735718,387.89655081927776
5,Tree nut farming,1.2076554298400879,31709.190458059311,12419.699691236019,735.76619615778327,17076.177522540092,25.829695005086251
6,"Greenhouse, nursery, and floriculture production",43.691482543945312,3139127.7313232422,624238.31224441528,48282.697796821594,1379769.6828842163,562.07686429843307
7,Tobacco farming,0,0,0,0,0,0
8,Cotton farming,0,0,0,0,0,0
9,Sugarcane and sugar beet farming,0,0,0,0,0,0
10,All other crop farming,370.82876586914062,3767362.5946044922,900318.26496124268,108095.08711099625,1520329.5946121216,-53825.151175260544
11,"Beef cattle ranching and farming, including feedlots and dual-purpose ranching and farming",68.956741333007812,3068289.9951934814,34804.821014404297,138384.6253156662,1030853.1522750855,106441.9224858284
12,Dairy cattle and milk production,84.072853088378906,18694631.576538086,613614.38035964966,306588.44113349915,2660099.0295410156,465200.00696182251
13,Poultry and egg production,0.49317991733551025,136232.97214508057,5654.9184955656528,563.3252440020442,10714.35958147049,731.3322857953608
14,"Animal production, except cattle and poultry and eggs",15.686785697937012,782513.43965530396,50943.005830049515,91602.973639965057,569252.19297409058,41761.927306652069
15,"Forestry, forest products, and timber tract production",8.5310049057006836,1051601.6483306885,813571.87032699585,0,69344.408810138702,2266.4505522698164
16,Commercial logging,26.635519027709961,3752065.6585693359,1034429.7885894775,1734172.2249984741,52174.106240272522,38863.737136125565
17,Commercial fishing,0,0,0,0,0,0
18,Commercial hunting and trapping,1.8570573329925537,140468.89543533325,0,102509.35703516007,0,10611.42235994339
19,Support activities for agriculture and forestry,41.728481292724609,644918.85900497437,201202.34787464142,100561.52194738388,-41073.419153690338,70477.299392223358
20,Oil and gas extraction,35.837478637695312,200981.95970058441,244617.10453033447,1482778.1915664673,-17636501.312255859,156112.28346824646
21,Coal mining,0,0,0,0,0,0
22,"Copper, nickel, lead, and zinc mining",0,0,0,0,0,0
23,Iron ore mining,0,0,0,0,0,0
24,Gold ore mining,0,0,0,0,0,0
25,Silver ore mining,0,0,0,0,0,0
26,Uranium-radium-vanadium ore mining,0,0,0,0,0,0
27,Other metal ore mining,0,0,0,0,0,0
28,Stone mining and quarrying,47.114879608154297,8869016.6473388672,1477775.3353118897,7552.8998859226704,1132554.0542602539,634649.75357055664
29,Sand and gravel mining,26.107145309448242,3179533.7200164795,573981.10628128052,13358.522206544876,125257.31325149536,297395.31874656677
30,"Other clay, ceramic, refractory minerals mining",0,0,0,0,0,0
31,"Potash, soda, and borate mineral mining",0,0,0,0,0,0
32,Phosphate rock mining,0,0,0,0,0,0
33,Other chemical and fertilizer mineral mining,0,0,0,0,0,0
34,Other nonmetallic minerals,0,0,0,0,0,0
35,Drilling oil and gas wells,9.9350481033325195,1691105.9617996216,18353.983759880066,102364.83067274094,-167145.31183242798,84694.169461727142
36,Support activities for oil and gas operations,3.8530623912811279,363468.85561943054,26308.2105666399,156952.85797119141,-144477.63562202454,30336.538329720497
37,Metal mining services,3.8554627895355225,22782.191634178162,26480.797678232193,159009.73975658417,-1020242.2142028809,17567.973583936691
38,Other nonmetallic minerals services,3.854337215423584,73317.818343639374,26411.557570099831,158742.57683753967,-650424.42083358765,18368.70051920414
39,Electric power generation - Hydroelectric,0,0,0,0,0,0
40,Electric power generation - Fossil fuel,58.928016662597656,68462364.196777344,3358862.8768920898,692268.0139541626,5326581.9549560547,10141796.112060547
41,Electric power generation - Nuclear,0,0,0,0,0,0
42,Electric power generation - Solar,0,0,0,0,0,0
43,Electric power generation - Wind,0,0,0,0,0,0
44,Electric power generation - Geothermal,0,0,0,0,0,0
45,Electric power generation - Biomass,0,0,0,0,0,0
46,Electric power generation - All other,0,0,0,0,0,0
47,Electric power transmission and distribution,697.4464111328125,855604370.1171875,75925506.591796875,3516752.4814605713,115619064.33105469,113783012.39013672
48,Natural gas distribution,124.74529266357422,67902511.596679688,3494520.1873779297,1272700.309753418,3922963.8576507568,7724131.1073303223
49,"Water, sewage and other systems",14.806820869445801,3860307.9319000244,833611.30952835083,310696.92969322205,633121.90771102905,388478.93476486206
50,Construction of new health care structures,157.47511291503906,22721450.805664062,7122715.950012207,1846485.97240448,3820859.6706390381,236565.53030014038
51,Construction of new manufacturing structures,237.07106018066406,33479003.90625,10465577.125549316,2925340.6524658203,3057342.7677154541,328510.16521453857
52,Construction of new power and communication structures,333.02581787109375,56162204.742431641,14527637.481689453,4150097.8469848633,12538494.110107422,846448.65989685059
53,Construction of new educational and vocational structures,444.72897338867188,59410736.083984375,24215454.1015625,3868320.7035064697,8538089.7521972656,500391.78133010864
54,Construction of new highways and streets,325.28659057617188,65097358.703613281,16773553.848266602,3455717.3252105713,13118354.797363281,510681.15234375
55,"Construction of new commercial structures, including farm structures",588.69415283203125,71537277.221679688,24848655.700683594,7228728.7712097168,5284921.6461181641,1091694.8318481445
56,Construction of other new nonresidential structures,760.3365478515625,58554244.995117188,34615455.627441406,9294920.9213256836,-20826580.047607422,733300.56667327881
57,Construction of new single-family residential structures,924.4415283203125,134276702.88085938,39226806.640625,12028788.566589356,24807785.034179688,3442748.7850189209
58,Construction of new multifamily residential structures,284.82403564453125,30385435.104370117,12243675.231933594,3690374.6128082275,7088775.1579284668,591473.40059280396
59,Construction of other new residential structures,651.6334228515625,126048583.984375,29100547.790527344,8098973.274230957,16683567.047119141,1883787.2743606567
60,Maintenance and repair construction of nonresidential structures,435.695068359375,84647544.860839844,18957851.409912109,5610443.5920715332,8918037.4145507812,1233973.503112793
61,Maintenance and repair construction of residential structures,216.59266662597656,43892444.610595703,8886996.2692260742,2520969.6292877197,5394503.5934448242,1191491.0078048706
62,"Maintenance and repair construction of highways, streets, bridges, and tunnels",157.9254150390625,14348945.617675781,6917354.5837402344,2021456.7184448242,-3557924.9858856201,266762.46523857117
63,Dog and cat food manufacturing,31.610504150390625,40429283.142089844,2641758.4419250488,4965.2508459985256,1119377.1362304688,3198389.2917633057
64,Other animal food manufacturing,15.731307983398438,16430030.822753906,1070987.9398345947,31999.919563531876,405633.24093818665,894782.54318237305
65,Flour milling,0,0,0,0,0,0
66,Rice milling,0,0,0,0,0,0
67,Malt manufacturing,0,0,0,0,0,0
68,Wet corn milling,0,0,0,0,0,0
69,Soybean and other oilseed processing,0,0,0,0,0,0
70,Fats and oils refining and blending,0,0,0,0,0,0
71,Breakfast cereal manufacturing,0,0,0,0,0,0
72,Beet sugar manufacturing,0,0,0,0,0,0
73,Sugar cane mills and refining,0,0,0,0,0,0
74,Nonchocolate confectionery manufacturing,0,0,0,0,0,0
75,Chocolate and confectionery manufacturing from cacao beans,0,0,0,0,0,0
76,Confectionery manufacturing from purchased chocolate,0,0,0,0,0,0
77,"Frozen fruits, juices and vegetables manufacturing",0,0,0,0,0,0
78,Frozen specialties manufacturing,0,0,0,0,0,0
79,Canned fruits and vegetables manufacturing,0,0,0,0,0,0
80,Canned specialties,0,0,0,0,0,0
81,Dehydrated food products manufacturing,0,0,0,0,0,0
82,Cheese manufacturing,0,0,0,0,0,0
83,"Dry, condensed, and evaporated dairy product manufacturing",0,0,0,0,0,0
84,Fluid milk manufacturing,129.74472045898438,96376075.744628906,12890084.266662598,9920.7162857055664,1318389.4157409668,2669224.0238189697
85,Creamery butter manufacturing,0,0,0,0,0,0
86,Ice cream and frozen dessert manufacturing,0,0,0,0,0,0
87,Frozen cakes and other pastries manufacturing,120.59877014160156,10077594.757080078,3101992.8455352783,245883.24129581451,471061.08069419861,1430966.0196304321
88,Poultry processing,30.367496490478516,9406610.4888916016,1751252.0551681519,40942.706167697906,90009.182691574097,206296.87607288361
89,"Animal, except poultry, slaughtering",10.056976318359375,6972545.6237792969,636556.68497085571,0,123904.66034412384,146822.21412658691
90,Meat processed from carcasses,13.030712127685547,6894398.2124328613,787466.58563613892,38852.58361697197,43736.148625612259,159185.96088886261
91,Rendering and meat byproduct processing,10.068783760070801,3887811.4223480225,637053.43008041382,0,167242.46740341187,67001.432180404663
92,Seafood product preparation and packaging,0,0,0,0,0,0
93,"Bread and bakery product, except frozen, manufacturing",217.60708618164063,25969974.517822266,5512580.394744873,278906.61358833313,494851.02295875549,1533763.1702423096
94,Cookie and cracker manufacturing,0,0,0,0,0,0
95,"Dry pasta, mixes, and dough manufacturing",0,0,0,0,0,0
96,Tortilla manufacturing,0,0,0,0,0,0
97,Roasted nuts and peanut butter manufacturing,8.8294210433959961,4049219.6083068848,850838.00554275513,0,150877.98237800598,68891.830742359161
98,Other snack food manufacturing,247.65278625488281,115734565.73486328,15258885.383605957,6111.6158030927181,2148751.0204315186,2856471.7769622803
99,Coffee and tea manufacturing,0,0,0,0,0,0
100,Flavoring syrup and concentrate manufacturing,0,0,0,0,0,0
101,"Mayonnaise, dressing, and sauce manufacturing",60.669620513916016,28593618.392944336,1042284.369468689,36588.858813047409,151315.43576717377,861910.40277481079
102,Spice and extract manufacturing,0,0,0,0,0,0
103,All other food manufacturing,0,0,0,0,0,0
104,Bottled and canned soft drinks & water,0.34866428375244141,224500.56672096252,6373.5842704772949,0,1049.802522175014,11011.296883225441
105,Manufactured ice,0,0,0,0,0,0
106,Breweries,21.664558410644531,10873375.89263916,508131.02722167969,163010.28430461884,111495.45758962631,3442278.3851623535
107,Wineries,0.36920022964477539,113242.08229780197,3733.3678919821978,0,391.45030314102769,19812.168553471565
108,Distilleries,0,0,0,0,0,0
109,Tobacco product manufacturing,1.4973107576370239,7718019.962310791,113205.99913597107,0,187374.24910068512,5375808.7158203125
110,"Fiber, yarn, and thread mills",0,0,0,0,0,0
111,Broadwoven fabric mills,0,0,0,0,0,0
112,Narrow fabric mills and schiffli machine embroidery,0,0,0,0,0,0
113,Nonwoven fabric mills,0,0,0,0,0,0
114,Knit fabric mills,0,0,0,0,0,0
115,Textile and fabric finishing mills,0.75559139251708984,173199.38540458679,0,24853.786453604698,0,3367.8931649774313
116,Fabric coating mills,0,0,0,0,0,0
117,Carpet and rug mills,0,0,0,0,0,0
118,Curtain and linen mills,0,0,0,0,0,0
119,Textile bag and canvas mills,58.230560302734375,10533782.005310059,3323719.2630767822,0,745756.68573379517,182826.96604728699
120,"Rope, cordage, twine, tire cord and tire fabric mills",0,0,0,0,0,0
121,Other textile product mills,6.1983766555786133,1224623.5609054565,529703.02104949951,0,100836.47072315216,17436.260357499123
122,Hosiery and sock mills,2.0484936237335205,189079.03134822846,34142.356365919113,3141.5508128702641,9442.6944851875305,32810.762524604797
123,Other apparel knitting mills,14.825613975524902,816534.10196304321,496960.93797683716,-789577.1861076355,106539.06315565109,110245.19801139832
124,Cut and sew apparel contractors,4.2367119789123535,56557.163596153259,63792.988657951355,-141547.02425003052,1505.0026122480631,8115.8401444554329
125,Mens and boys cut and sew apparel manufacturing,15.053410530090332,1943812.7279281616,455533.74290466309,-77284.060418605804,133561.92409992218,72592.608630657196
126,Womens and girls cut and sew apparel manufacturing,2.0078182220458984,365251.36232376099,34089.218825101852,2841.2379324436188,17397.234216332436,9520.4561948776245
127,Other cut and sew apparel manufacturing,2.0151515007019043,203896.68643474579,34094.847738742828,2867.8716626018286,9084.9734842777252,10017.218999564648
128,Apparel accessories and other apparel manufacturing,2.014803409576416,189480.54313659668,34099.314361810684,2864.4993435591459,8573.2964798808098,10654.005222022533
129,Leather and hide tanning and finishing,0,0,0,0,0,0
130,Footwear manufacturing,0,0,0,0,0,0
131,Other leather and allied product manufacturing,2.7026534080505371,200476.10998153687,0,-515.95328841358423,0,6320.1482407748699
132,Sawmills,69.376800537109375,18081666.946411133,2954126.1196136475,420842.37933158875,501377.58255004883,253370.19562721252
133,Wood preservation,0,0,0,0,0,0
134,Veneer and plywood manufacturing,0,0,0,0,0,0
135,Engineered wood member and truss manufacturing,0,0,0,0,0,0
136,Reconstituted wood product manufacturing,25.519374847412109,11220395.088195801,568018.91326904297,495283.90169143677,290447.95036315918,187441.20001792908
137,Wood windows and door manufacturing,77.924369812011719,16292873.382568359,3728093.8625335693,181819.73695755005,536034.04760360718,233560.01079082489
138,"Cut stock, resawing lumber, and planing",0,0,0,0,0,0
139,"Other millwork, including flooring",0,0,0,0,0,0
140,Wood container and pallet manufacturing,0,0,0,0,0,0
141,Manufactured home (mobile home) manufacturing,0,0,0,0,0,0
142,Prefabricated wood building manufacturing,0,0,0,0,0,0
143,All other miscellaneous wood product manufacturing,0,0,0,0,0,0
144,Pulp mills,0,0,0,0,0,0
145,Paper mills,0,0,0,0,0,0
146,Paperboard mills,0,0,0,0,0,0
147,Paperboard container manufacturing,142.82444763183594,67831352.233886719,10893240.928649902,1318768.0244445801,1273102.879524231,1089600.2054214478
148,Paper bag and coated and treated paper manufacturing,0,0,0,0,0,0
149,Stationery product manufacturing,23.896415710449219,10259229.66003418,1341736.912727356,1391772.5086212158,132346.86851501465,158220.09742259979
150,Sanitary paper product manufacturing,0,0,0,0,0,0
151,All other converted paper product manufacturing,0,0,0,0,0,0
152,Printing,235.75823974609375,36829963.684082031,10844467.163085938,79595.893621444702,4748280.5252075195,715286.61251068115
153,Support activities for printing,41.938125610351562,5435025.691986084,2346333.9805603027,-4434.9054805934429,926073.61078262329,85613.11662197113
154,Petroleum refineries,4.5120620727539062,36003894.805908203,288248.27075004578,295824.19991493225,4498831.7489624023,1325615.1676177979
155,Asphalt paving mixture and block manufacturing,60.909664154052734,53737297.058105469,6158213.1385803223,580148.57769012451,7749385.3569030762,680139.72043991089
156,Asphalt shingle and coating materials manufacturing,0,0,0,0,0,0
157,Petroleum lubricating oil and grease manufacturing,0,0,0,0,0,0
158,All other petroleum and coal products manufacturing,0,0,0,0,0,0
159,Petrochemical manufacturing,0,0,0,0,0,0
160,Industrial gas manufacturing,0,0,0,0,0,0
161,Synthetic dye and pigment manufacturing,0,0,0,0,0,0
162,Other basic inorganic chemical manufacturing,0,0,0,0,0,0
163,Other basic organic chemical manufacturing,0,0,0,0,0,0
164,Plastics material and resin manufacturing,0,0,0,0,0,0
165,Synthetic rubber manufacturing,0,0,0,0,0,0
166,Artificial and synthetic fibers and filaments manufacturing,0,0,0,0,0,0
167,Nitrogenous fertilizer manufacturing,0,0,0,0,0,0
168,Phosphatic fertilizer manufacturing,0,0,0,0,0,0
169,Fertilizer mixing,0,0,0,0,0,0
170,Pesticide and other agricultural chemical manufacturing,5.7903256416320801,8073336.6012573242,342118.56126785278,20509.816706180573,674089.25294876099,144792.16933250427
171,Medicinal and botanical manufacturing,0,0,0,0,0,0
172,Pharmaceutical preparation manufacturing,0,0,0,0,0,0
173,In-vitro diagnostic substance manufacturing,0,0,0,0,0,0
174,Biological product (except diagnostic) manufacturing,0,0,0,0,0,0
175,Paint and coating manufacturing,0,0,0,0,0,0
176,Adhesive manufacturing,0,0,0,0,0,0
177,Soap and other detergent manufacturing,0,0,0,0,0,0
178,Polish and other sanitation good manufacturing,0,0,0,0,0,0
179,Surface active agent manufacturing,0,0,0,0,0,0
180,Toilet preparation manufacturing,0,0,0,0,0,0
181,Printing ink manufacturing,0,0,0,0,0,0
182,Explosives manufacturing,0,0,0,0,0,0
183,Custom compounding of purchased resins,0,0,0,0,0,0
184,Photographic film and chemical manufacturing,16.629318237304688,11740642.547607422,1249124.7653961182,35969.160497188568,1452982.6641082764,175865.59057235718
185,Other miscellaneous chemical product manufacturing,2.8656988143920898,1537962.0790481567,150807.08265304565,18608.074635267258,80515.757203102112,27618.089690804482
186,Plastics packaging materials and unlaminated film and sheet manufacturing,0,0,0,0,0,0
187,Unlaminated plastics profile shape manufacturing,0,0,0,0,0,0
188,Plastics pipe and pipe fitting manufacturing,284.1739501953125,190731582.64160156,22574115.753173828,26148.330420255661,73914314.270019531,2176252.6035308838
189,"Laminated plastics plate, sheet (except packaging), and shape manufacturing",0,0,0,0,0,0
190,Polystyrene foam product manufacturing,0,0,0,0,0,0
191,Urethane and other foam product (except polystyrene) manufacturing,24.487255096435547,10551445.007324219,1609393.835067749,7483.2728132605553,2283282.995223999,138645.03800868988
192,Plastics bottle manufacturing,0,0,0,0,0,0
193,Other plastics product manufacturing,106.53318023681641,32605419.158935547,5667687.8929138184,26348.110288381577,6320471.2867736816,441003.79943847656
194,Tire manufacturing,0,0,0,0,0,0
195,Rubber and plastics hoses and belting manufacturing,0,0,0,0,0,0
196,Other rubber product manufacturing,0,0,0,0,0,0
197,"Pottery, ceramics, and plumbing fixture manufacturing",0,0,0,0,0,0
198,"Brick, tile, and other structural clay product manufacturing",0,0,0,0,0,0
199,Flat glass manufacturing,0,0,0,0,0,0
200,Other pressed and blown glass and glassware manufacturing,6.3306980133056641,1132155.2991867065,70830.985903739929,76677.888631820679,49020.681530237198,25759.642943739891
201,Glass container manufacturing,0,0,0,0,0,0
202,Glass product manufacturing made of purchased glass,0,0,0,0,0,0
203,Cement manufacturing,0,0,0,0,0,0
204,Ready-mix concrete manufacturing,60.539218902587891,25382411.956787109,3744231.9393157959,30704.274773597717,4141249.6566772461,455050.55785179138
205,Concrete block and brick manufacturing,0,0,0,0,0,0
206,Concrete pipe manufacturing,0,0,0,0,0,0
207,Other concrete product manufacturing,87.312232971191406,20816797.256469727,4594347.9537963867,22855.520248413086,3459543.7049865723,388053.08938026428
208,Lime manufacturing,0,0,0,0,0,0
209,Gypsum product manufacturing,0,0,0,0,0,0
210,Abrasive product manufacturing,0,0,0,0,0,0
211,Cut stone and stone product manufacturing,7.4580726623535156,892181.03885650635,240818.15779209137,12670.583091676235,61924.029141664505,18144.514411687851
212,Ground or treated mineral and earth manufacturing,0,0,0,0,0,0
213,Mineral wool manufacturing,0,0,0,0,0,0
214,Miscellaneous nonmetallic mineral products manufacturing,0,0,0,0,0,0
215,Iron and steel mills and ferroalloy manufacturing,0,0,0,0,0,0
216,"Iron, steel pipe and tube manufacturing from purchased steel",0,0,0,0,0,0
217,Rolled steel shape manufacturing,0,0,0,0,0,0
218,Steel wire drawing,0,0,0,0,0,0
219,Alumina refining and primary aluminum production,0,0,0,0,0,0
220,Secondary smelting and alloying of aluminum,0,0,0,0,0,0
221,"Aluminum sheet, plate, and foil manufacturing",0,0,0,0,0,0
222,"Other aluminum rolling, drawing and extruding",0,0,0,0,0,0
223,Nonferrous metal (exc aluminum) smelting and refining,0,0,0,0,0,0
224,"Copper rolling, drawing, extruding and alloying",0,0,0,0,0,0
225,"Nonferrous metal, except copper and aluminum, shaping",0,0,0,0,0,0
226,Secondary processing of other nonferrous metals,0,0,0,0,0,0
227,Ferrous metal foundries,0,0,0,0,0,0
228,Nonferrous metal foundries,1.3164520263671875,170392.03643798828,0,-19944.272935390472,0,4826.9354738295078
229,Custom roll forming,0,0,0,0,0,0
230,Crown and closure manufacturing and metal stamping,21.703760147094727,5553631.3056945801,1277106.523513794,31220.763921737671,454376.9359588623,85201.941430568695
231,Iron and steel forging,0,0,0,0,0,0
232,Nonferrous forging,0,0,0,0,0,0
233,"Cutlery, utensil, pot, and pan manufacturing",0,0,0,0,0,0
234,Handtool manufacturing,2.2963109016418457,521124.72057342529,83002.664148807526,106449.93931055069,40562.4620616436,9534.711018204689
235,Prefabricated metal buildings and components manufacturing,0,0,0,0,0,0
236,Fabricated structural metal manufacturing,32.337055206298828,9391542.4346923828,1601377.4871826172,136171.31114006043,609963.71507644653,179244.89080905914
237,Plate work manufacturing,0,0,0,0,0,0
238,Metal window and door manufacturing,0,0,0,0,0,0
239,Sheet metal work manufacturing,30.703325271606445,5580329.8950195312,1095919.132232666,189407.28902816773,246343.37425231934,105657.33164548874
240,Ornamental and architectural metal work manufacturing,2.592498779296875,501252.77042388916,75798.459351062775,53097.732365131378,20182.337611913681,8976.4399453997612
241,Power boiler and heat exchanger manufacturing,0,0,0,0,0,0
242,Metal tank (heavy gauge) manufacturing,0,0,0,0,0,0
243,Metal cans manufacturing,69.004203796386719,55784454.345703125,6133422.8515625,13366.891071200371,6105415.3442382812,921766.16191864014
244,"Metal barrels, drums and pails manufacturing",0,0,0,0,0,0
245,Hardware manufacturing,0,0,0,0,0,0
246,Spring and wire product manufacturing,133.38102722167969,33285675.048828125,8305275.9170532227,53491.897881031036,2338529.109954834,542071.46167755127
247,Machine shops,549.27838134765625,78539016.723632812,32695503.234863281,647483.64686965942,3818966.3887023926,1274744.2722320557
248,"Turned product and screw, nut, and bolt manufacturing",77.173973083496094,18823106.76574707,5370867.2523498535,46201.951801776886,1639525.4135131836,304037.21332550049
249,Metal heat treating,0,0,0,0,0,0
250,Metal coating and nonprecious engraving,31.042688369750977,7291678.9054870605,1754095.196723938,30121.384188532829,1067520.2608108521,122809.55910682678
251,"Electroplating, anodizing, and coloring metal",195.18928527832031,25436872.482299805,8700310.7070922852,76227.284967899323,728233.27779769897,437757.81989097595
252,"Valve and fittings, other than plumbing, manufacturing",0,0,0,0,0,0
253,Plumbing fixture fitting and trim manufacturing,0,0,0,0,0,0
254,Ball and roller bearing manufacturing,0,0,0,0,0,0
255,Small arms ammunition manufacturing,0,0,0,0,0,0
256,"Ammunition, except for small arms, manufacturing",0,0,0,0,0,0
257,"Small arms, ordnance, and accessories manufacturing",0,0,0,0,0,0
258,Fabricated pipe and pipe fitting manufacturing,0,0,0,0,0,0
259,Other fabricated metal manufacturing,0,0,0,0,0,0
260,Farm machinery and equipment manufacturing,0,0,0,0,0,0
261,Lawn and garden equipment manufacturing,0,0,0,0,0,0
262,Construction machinery manufacturing,0,0,0,0,0,0
263,Mining machinery and equipment manufacturing,0,0,0,0,0,0
264,Oil and gas field machinery and equipment manufacturing,0,0,0,0,0,0
265,Semiconductor machinery manufacturing,0,0,0,0,0,0
266,Food product machinery manufacturing,0,0,0,0,0,0
267,"Sawmill, woodworking, and paper machinery",0,0,0,0,0,0
268,Printing machinery and equipment manufacturing,0,0,0,0,0,0
269,All other industrial machinery manufacturing,195.37039184570313,56841361.999511719,16701679.229736328,13203.255832195282,6421059.6084594727,861256.77824020386
270,Optical instrument and lens manufacturing,0,0,0,0,0,0
271,Photographic and photocopying equipment manufacturing,0,0,0,0,0,0
272,Other commercial service industry machinery manufacturing,63.698890686035156,25328088.760375977,4873970.0317382812,12693.259865045548,4595967.2927856445,431012.57085800171
273,Air purification and ventilation equipment manufacturing,19.95948600769043,5414599.8954772949,1236760.139465332,8216.9296219944954,640130.93709945679,103030.51769733429
274,Heating equipment (except warm air furnaces) manufacturing,0,0,0,0,0,0
275,"Air conditioning, refrigeration, and warm air heating equipment manufacturing",25.756801605224609,10614992.141723633,1558884.5014572144,11819.202452898026,1610628.0088424683,219586.43198013306
276,Industrial mold manufacturing,0,0,0,0,0,0
277,"Special tool, die, jig, and fixture manufacturing",24.344169616699219,4060867.7864074707,1419740.4384613037,17062.04004585743,552465.49844741821,69793.708622455597
278,Cutting tool and machine tool accessory manufacturing,0,0,0,0,0,0
279,Machine tool manufacturing,0,0,0,0,0,0
280,Rolling mill and other metalworking machinery manufacturing,0,0,0,0,0,0
281,Turbine and turbine generator set units manufacturing,0,0,0,0,0,0
282,"Speed changer, industrial high-speed drive, and gear manufacturing",0,0,0,0,0,0
283,Mechanical power transmission equipment manufacturing,140.41110229492188,45069755.554199219,11540588.37890625,6602.4148836731911,8666815.7577514648,670068.74084472656
284,Other engine equipment manufacturing,0,0,0,0,0,0
285,Pump and pumping equipment manufacturing,0,0,0,0,0,0
286,Air and gas compressor manufacturing,0,0,0,0,0,0
287,Elevator and moving stairway manufacturing,0,0,0,0,0,0
288,Conveyor and conveying equipment manufacturing,11.953763961791992,2728906.1546325684,792954.80251312256,9136.9254514575005,23604.854941368103,53025.096654891968
289,"Overhead cranes, hoists, and monorail systems manufacturing",0,0,0,0,0,0
290,"Industrial truck, trailer, and stacker manufacturing",0,0,0,0,0,0
291,Power-driven handtool manufacturing,0,0,0,0,0,0
292,Welding and soldering equipment manufacturing,0,0,0,0,0,0
293,Packaging machinery manufacturing,26.718862533569336,8554901.123046875,1830314.1593933106,15227.627009153366,1201493.8592910767,149109.64667797089
294,Industrial process furnace and oven manufacturing,0,0,0,0,0,0
295,Fluid power cylinder and actuator manufacturing,0,0,0,0,0,0
296,Fluid power pump and motor manufacturing,0,0,0,0,0,0
297,"Scales, balances, and miscellaneous general purpose machinery manufacturing",0,0,0,0,0,0
298,Electronic computer manufacturing,287.12481689453125,312357147.21679688,48002670.288085938,-35074.643790721893,29596370.697021484,7871215.3434753418
299,Computer storage device manufacturing,0,0,0,0,0,0
300,Computer terminals and other computer peripheral equipment manufacturing,0,0,0,0,0,0
301,Telephone apparatus manufacturing,0,0,0,0,0,0
302,Broadcast and wireless communications equipment manufacturing,0,0,0,0,0,0
303,Other communications equipment manufacturing,71.482856750488281,23498624.801635742,5217960.3576660156,-58788.202702999115,1525904.8938751221,473203.12261581421
304,Audio and video equipment manufacturing,143.90817260742188,66315979.00390625,10470969.200134277,-75118.184089660645,3771350.8605957031,1500548.1243133545
305,Printed circuit assembly (electronic assembly) manufacturing,785.205810546875,271525939.94140625,62119323.73046875,-157063.87162208557,18052244.186401367,4790763.3781433105
306,Bare printed circuit board manufacturing,0,0,0,0,0,0
307,Semiconductor and related device manufacturing,209.42208862304688,136609588.62304688,33902500.152587891,-60513.526201248169,12759375.57220459,2774358.0341339111
308,"Capacitor, resistor, coil, transformer, and other inductor manufacturing",257.43408203125,62334674.835205078,19741382.598876953,-228125.39339065552,3321486.4730834961,989849.5078086853
309,Electronic connector manufacturing,0,0,0,0,0,0
310,Other electronic component manufacturing,101.64034271240234,26284490.585327148,8562283.5159301758,-61127.38698720932,474537.16397285461,436004.90689277649
311,Electromedical and electrotherapeutic apparatus manufacturing,0,0,0,0,0,0
312,"Search, detection, and navigation instruments manufacturing",491.68243408203125,206284286.49902344,69016067.504882812,-286084.20491218567,26666969.299316406,3277695.1789855957
313,Automatic environmental control manufacturing,0,0,0,0,0,0
314,Industrial process variable instruments manufacturing,7.109738826751709,1251266.0026550293,92216.134071350098,-93904.577195644379,19655.30589222908,40478.561073541641
315,Totalizing fluid meter and counting device manufacturing,5.951474666595459,1780985.4745864868,216516.36064052582,-15249.264426529408,118587.1884226799,50574.798136949539
316,Electricity and signal testing instruments manufacturing,7.9101943969726562,2339829.9217224121,110394.11276578903,-128644.83892917633,23481.264710426331,65764.613449573517
317,Analytical laboratory instrument manufacturing,0,0,0,0,0,0
318,Irradiation apparatus manufacturing,0,0,0,0,0,0
319,"Watch, clock, and other measuring and controlling device manufacturing",0,0,0,0,0,0
320,Blank magnetic and optical recording media manufacturing,0,0,0,0,0,0
321,Software and other prerecorded and record reproducing,0,0,0,0,0,0
322,Electric lamp bulb and part manufacturing,0,0,0,0,0,0
323,Lighting fixture manufacturing,0,0,0,0,0,0
324,Small electrical appliance manufacturing,117.61300659179688,47228523.254394531,6579593.1816101074,1355.670508928597,540494.68040466309,1296861.0525131226
325,Household cooking appliance manufacturing,0,0,0,0,0,0
326,Household refrigerator and home freezer manufacturing,0,0,0,0,0,0
327,Household laundry equipment manufacturing,0,0,0,0,0,0
328,Other major household appliance manufacturing,0,0,0,0,0,0
329,"Power, distribution, and specialty transformer manufacturing",27.780763626098633,7759262.0849609375,1094556.2124252319,2091.0096354782581,37506.390362977982,180906.34047985077
330,Motor and generator manufacturing,59.265117645263672,16887310.028076172,1872392.6544189453,-2538.8409849256277,77437.877655029297,414059.51976776123
331,Switchgear and switchboard apparatus manufacturing,0,0,0,0,0,0
332,Relay and industrial control manufacturing,0,0,0,0,0,0
333,Storage battery manufacturing,0,0,0,0,0,0
334,Primary battery manufacturing,0,0,0,0,0,0
335,Fiber optic cable manufacturing,0,0,0,0,0,0
336,Other communication and energy wire manufacturing,47.434906005859375,23150369.644165039,2927797.794342041,2934.6439987421036,152580.75296878815,381012.58873939514
337,Wiring device manufacturing,119.96076965332031,47106307.983398438,15826519.966125488,-3177.6668038219213,1215757.0123672485,746773.54097366333
338,Carbon and graphite product manufacturing,0,0,0,0,0,0
339,All other miscellaneous electrical equipment and component manufacturing,153.85745239257813,39706912.994384766,10251265.525817871,1976.9102800637484,114532.02366828919,739644.58703994751
340,Automobile manufacturing,0,0,0,0,0,0
341,Light truck and utility vehicle manufacturing,0,0,0,0,0,0
342,Heavy duty truck manufacturing,0,0,0,0,0,0
343,Motor vehicle body manufacturing,0,0,0,0,0,0
344,Truck trailer manufacturing,0,0,0,0,0,0
345,Motor home manufacturing,0,0,0,0,0,0
346,Travel trailer and camper manufacturing,0,0,0,0,0,0
347,Motor vehicle gasoline engine and engine parts manufacturing,0,0,0,0,0,0
348,Motor vehicle electrical and electronic equipment manufacturing,11.550773620605469,5738046.6461181641,940382.89785385132,0,170670.92657089233,98639.190196990967
349,Motor vehicle transmission and power train parts manufacturing,0,0,0,0,0,0
350,Motor vehicle seating and interior trim manufacturing,0,0,0,0,0,0
351,Motor vehicle metal stamping,0,0,0,0,0,0
352,Other motor vehicle parts manufacturing,0,0,0,0,0,0
353,"Motor vehicle steering, suspension component (except spring), and brake systems manufacturing",0,0,0,0,0,0
354,Aircraft manufacturing,0,0,0,0,0,0
355,Aircraft engine and engine parts manufacturing,0,0,0,0,0,0
356,Other aircraft parts and auxiliary equipment manufacturing,41.229404449462891,14584314.346313477,3887195.1103210449,0,2602501.6307830811,156529.05404567719
357,Guided missile and space vehicle manufacturing,0,0,0,0,0,0
358,Propulsion units and parts for space vehicles and guided missiles manufacturing,0,0,0,0,0,0
359,Railroad rolling stock manufacturing,0,0,0,0,0,0
360,Ship building and repairing,0,0,0,0,0,0
361,Boat building,0,0,0,0,0,0
362,"Motorcycle, bicycle, and parts manufacturing",0,0,0,0,0,0
363,"Military armored vehicle, tank, and tank component manufacturing",0,0,0,0,0,0
364,All other transportation equipment manufacturing,0,0,0,0,0,0
365,Wood kitchen cabinet and countertop manufacturing,5.1054239273071289,701559.48400497437,129816.80035591126,134276.97122097015,29695.237055420876,6378.0480995774269
366,Upholstered household furniture manufacturing,0,0,0,0,0,0
367,Nonupholstered wood household furniture manufacturing,1.9556982517242432,266593.36686134338,37010.274827480316,63188.277184963226,3251.9723754376173,2293.1210696697235
368,Other household nonupholstered furniture manufacturing,0,0,0,0,0,0
369,Institutional furniture manufacturing,0,0,0,0,0,0
370,Wood office furniture manufacturing,0,0,0,0,0,0
371,Custom architectural woodwork and millwork,2.6203057765960693,446405.0829410553,92308.744788169861,77207.088470458984,-5397.105123847723,3517.0975606888533
372,"Office furniture, except wood, manufacturing",0,0,0,0,0,0
373,"Showcase, partition, shelving, and locker manufacturing",14.28013801574707,2653800.4875183105,584008.39567184448,88924.035429954529,127857.10394382477,26185.100898146629
374,Mattress manufacturing,0,0,0,0,0,0
375,Blind and shade manufacturing,0,0,0,0,0,0
376,Surgical and medical instrument manufacturing,0,0,0,0,0,0
377,Surgical appliance and supplies manufacturing,260.09710693359375,93194686.889648438,19349031.448364258,471450.06060600281,5740604.8774719238,2061609.7450256348
378,Dental equipment and supplies manufacturing,0,0,0,0,0,0
379,Ophthalmic goods manufacturing,30.478691101074219,9085830.6884765625,2544108.1523895264,153034.71684455872,872022.09234237671,178673.74420166016
380,Dental laboratories,46.312404632568359,4823127.7465820312,1916451.6925811768,1217780.8284759522,-185407.02760219574,69207.780063152313
381,Jewelry and silverware manufacturing,20.378789901733398,2927940.845489502,524840.35491943359,51477.324217557907,83650.261163711548,153418.95818710327
382,Sporting and athletic goods manufacturing,0,0,0,0,0,0
383,"Doll, toy, and game manufacturing",0,0,0,0,0,0
384,Office supplies (except paper) manufacturing,0,0,0,0,0,0
385,Sign manufacturing,45.667011260986328,5878592.0143127441,850518.16701889038,2137793.5409545898,-280979.72273826599,83474.844694137573
386,"Gasket, packing, and sealing device manufacturing",0,0,0,0,0,0
387,Musical instrument manufacturing,0,0,0,0,0,0
388,"Fasteners, buttons, needles, and pins manufacturing",0,0,0,0,0,0
389,"Broom, brush, and mop manufacturing",0,0,0,0,0,0
390,Burial casket manufacturing,0,0,0,0,0,0
391,All other miscellaneous manufacturing,18.108819961547852,3032676.2199401855,476893.63360404968,684196.77019119263,21449.118852615356,49116.119742393494
392,Wholesale - Motor vehicle and motor vehicle parts and supplies,266.75161743164062,94657127.380371094,14214823.722839356,1785687.4465942383,17992252.349853516,6169303.8940429688
393,Wholesale - Professional and commercial equipment and supplies,246.60745239257813,78296920.776367188,22243755.340576172,2014122.486114502,14373138.427734375,5405625.8201599121
394,Wholesale - Household appliances and electrical and electronic goods,152.74453735351563,66490371.704101562,10557386.39831543,1380955.9345245361,13054471.015930176,4629011.6310119629
395,"Wholesale - Machinery, equipment, and supplies",359.0570068359375,90124656.677246094,23104545.593261719,3155627.4890899658,16276617.050170898,7287443.1610107422
396,Wholesale - Other durable goods merchant wholesalers,584.86468505859375,134063858.03222656,35146469.116210938,4014098.6442565918,17437566.757202148,10578007.698059082
397,Wholesale - Drugs and druggistsâ€™ sundries,52.325843811035156,37499660.491943359,4888663.2919311523,220151.24559402466,8999073.9822387695,1148402.5716781616
398,Wholesale - Grocery and related product wholesalers,1578.0528564453125,291070465.08789062,99656814.575195312,1614116.3110733032,34183425.903320312,8569078.4454345703
399,Wholesale - Petroleum and petroleum products,15.607824325561523,33946598.052978516,1106242.8951263428,276369.95911598206,2093884.9449157715,27724693.298339844
400,Wholesale - Other nondurable goods merchant wholesalers,429.51077270507812,134605850.21972656,29352674.48425293,1846494.6746826172,19234264.373779297,25375534.057617188
401,Wholesale - Wholesale electronic markets and agents and brokers,53.063896179199219,3942410.7074737549,3757520.9140777588,2069185.0185394287,-2363553.524017334,45471.031218767166
402,Retail - Motor vehicle and parts dealers,555.2039794921875,72334259.033203125,25582557.678222656,2188529.9682617188,4727605.8197021484,18027709.9609375
403,Retail - Furniture and home furnishings stores,514.2615966796875,45891994.476318359,17369520.18737793,411832.18359947205,1445952.4154663086,8720829.963684082
404,Retail - Electronics and appliance stores,317.38973999023438,29102870.941162109,13414228.439331055,1514412.522315979,-2826098.4420776367,5413547.0390319824
405,Retail - Building material and garden equipment and supplies stores,791.3221435546875,92686134.338378906,29795150.756835938,1463329.1959762573,10543865.203857422,23117092.132568359
406,Retail - Food and beverage stores,2155.556396484375,154735427.85644531,54427883.148193359,5343422.4128723145,9321071.6247558594,23827531.814575195
407,Retail - Health and personal care stores,920.43243408203125,77900314.331054688,36272205.352783203,4737175.464630127,2952598.5717773438,8059047.6989746094
408,Retail - Gasoline stores,559.389892578125,67234069.82421875,15540217.399597168,3243100.643157959,3636873.2452392578,16581657.409667969
409,Retail - Clothing and clothing accessories stores,939.857666015625,78431358.337402344,16023771.286010742,1509029.5076370239,3038218.0213928223,15989760.398864746
410,"Retail - Sporting goods, hobby, musical instrument and book stores",558.05950927734375,30908857.345581055,9926188.4689331055,2196209.192276001,979258.23926925659,5677496.9100952148
411,Retail - General merchandise stores,1755.99462890625,132975402.83203125,49034671.783447266,58354.955166578293,3845811.8438720703,32284568.786621094
412,Retail - Miscellaneous store retailers,954.74456787109375,55936721.801757812,13776829.719543457,16883283.615112305,-1438474.0591049194,9060207.3669433594
413,Retail - Nonstore retailers,1041.6014404296875,155039932.25097656,19232574.462890625,5554660.7971191406,38492782.592773438,16959493.637084961
414,Air transportation,63.961391448974609,19706670.761108398,5463860.034942627,-1347196.9366073608,4166437.6258850098,3199246.883392334
415,Rail transportation,147.92874145507813,56170928.955078125,21760318.756103516,-8559909.8205566406,26251245.498657227,-13097753.524780273
416,Water transportation,10.85817813873291,4820178.0319213867,0,-1015436.4109039307,0,303712.01038360596
417,Truck transportation,1515.56982421875,189074264.52636719,39600997.924804688,3146709.680557251,5022350.7881164551,6744627.4757385254
418,Transit and ground passenger transportation,2666.356201171875,71411064.147949219,10121481.895446777,15659104.347229004,3638010.7402801514,3183934.6885681152
419,Pipeline transportation,17.728322982788086,7467381.9541931152,1700168.6096191406,786497.95055389404,-299189.83578681946,2913031.5780639648
420,Scenic and sightseeing transportation and support activities for transportation,219.06340026855469,25404441.833496094,5539218.4257507324,511451.24435424805,483887.85123825073,852665.42434692383
421,Couriers and messengers,938.526123046875,67843643.188476562,15940480.23223877,193110.92793941498,5226683.6166381836,1770782.8283309937
422,Warehousing and storage,399.314697265625,40981300.354003906,14960029.602050781,-199509.05442237854,2149702.787399292,638701.20048522949
423,Newspaper publishers,36.910915374755859,5059840.202331543,2155228.1379699707,10222.161188721657,1717471.8379974365,119901.50809288025
424,Periodical publishers,0.98936158418655396,117795.86970806122,16944.766044616699,10186.219587922096,9993.4898316860199,5307.0862777531147
425,Book publishers,46.623153686523438,21240756.988525391,3111257.5531005859,10354.442521929741,8526117.3248291016,591587.78190612793
426,"Directory, mailing list, and other publishers",0,0,0,0,0,0
427,Greeting card publishing,0,0,0,0,0,0
428,Software publishers,65.936393737792969,24845561.981201172,6399534.7023010254,58229.18564081192,12865158.081054688,1068508.3866119385
429,Motion picture and video industries,86.350196838378906,15169092.178344727,1326638.2217407227,172989.48764801025,1301033.0200195313,1707334.5184326172
430,Sound recording industries,4.591120719909668,1877249.2408752441,95946.550369262695,65743.75182390213,669759.39273834229,463650.1669883728
431,Radio and television broadcasting,232.11233520507813,65424148.559570312,12143145.561218262,2769248.4855651855,-4224788.1889343262,1543134.5701217651
432,Cable and other subscription programming,0,0,0,0,0,0
433,Wired telecommunications carriers,440.58816528320312,199779144.28710938,26134838.104248047,15957.161784172058,46621875.762939453,17599346.160888672
434,Wireless telecommunications carriers (except satellite),81.61395263671875,185515289.30664063,8958735.466003418,1599.4497807696462,88460983.276367188,7474864.0060424805
435,"Satellite, telecommunications resellers, and all other telecommunications",0,0,0,0,0,0
436,"Data processing, hosting, and related services",347.95925903320312,109856101.98974609,11868072.509765625,440165.60912132263,14494824.409484863,3336024.7611999512
437,"News syndicates, libraries, archives and all other information services",60.34033203125,6459768.2952880859,1256233.3345413208,36013.174802064896,938800.8713722229,179771.81077003479
438,Internet publishing and broadcasting and web search portals,3.6238136291503906,2598385.3340148926,152325.80900192261,0,304177.55246162415,56426.659226417542
439,Nondepository credit intermediation and related activities,137.46441650390625,21715591.430664062,3950528.621673584,683967.9479598999,4231642.2462463379,1756891.8466567993
440,Securities and commodity contracts intermediation and brokerage,304.13778686523438,60814090.728759766,19027957.916259766,1449046.0157394409,-719036.81755065918,1659270.5249786377
441,Monetary authorities and depository credit intermediation,627.133056640625,322224121.09375,35484130.859375,161817.55065917969,182515960.69335938,10545763.01574707
442,Other financial investment activities,1253.125732421875,117615303.03955078,6910590.1718139648,5166156.2919616699,570849.53784942627,4586194.5152282715
443,Direct life insurance carriers,569.29730224609375,179227493.28613281,52187236.785888672,0,49903907.775878906,10966512.680053711
444,"Insurance carriers, except direct life",98.847900390625,69696022.033691406,8538076.4007568359,57599.280029535294,20119024.276733398,3158172.8458404541
445,"Insurance agencies, brokerages, and related activities",587.921630859375,134105316.16210938,32169586.181640625,522810.93597412109,22291574.478149414,879918.93291473389
446,"Funds, trusts, and other financial vehicles",319.96261596679688,114738113.40332031,15090662.002563477,494742.48290061951,12805874.824523926,1211315.7510757446
447,Other real estate,2733.4296875,448500823.97460938,31422292.709350586,43861850.738525391,48131275.177001953,10254692.077636719
448,Tenant-occupied housing,840.711181640625,122625747.68066406,3866098.4039306641,14112986.564636231,42420673.370361328,28558067.321777344
449,Owner-occupied dwellings,0,978496337.890625,0,0,663187561.03515625,111252830.50537109
450,Automotive equipment rental and leasing,261.10983276367188,61559074.401855469,10275065.422058106,3271350.1453399658,14739255.905151367,10890520.095825195
451,General and consumer goods rental except video tapes and discs,169.07380676269531,22197437.286376953,6172126.293182373,4312145.2331542969,561962.66412734985,3455258.1310272217
452,Video tape and disc rental,54.868816375732422,6676305.7708740234,2057237.1482849121,320927.85835266113,611261.78503036499,1167121.8872070313
453,Commercial and industrial machinery and equipment rental and leasing,143.796630859375,49430660.247802734,11699322.700500488,2307070.7321166992,14424088.478088379,4361641.4070129395
454,Lessors of nonfinancial intangible assets,12.703055381774902,10276305.198669434,264021.06881141663,76766.461133956909,4127059.4596862793,782505.5718421936
455,Legal services,849.46368408203125,153596542.35839844,30313873.291015625,16624771.118164063,21241741.180419922,28635253.90625
456,"Accounting, tax preparation, bookkeeping, and payroll services",550.52105712890625,61411930.084228516,14148631.095886231,21776964.18762207,2909757.6141357422,1276509.8810195923
457,"Architectural, engineering, and related services",679.19000244140625,118876686.09619141,48184749.603271484,9591896.0571289062,4328320.5032348633,1978339.1952514648
458,Specialized design services,84.700485229492188,5857559.6809387207,1141103.7445068359,2951663.9709472656,9642.7258104085922,391572.59464263916
459,Custom computer programming services,373.45449829101562,58975646.97265625,30347785.949707031,3666561.6035461426,4407476.9020080566,1658906.102180481
460,Computer systems design services,347.61392211914062,46506072.998046875,27456548.690795898,4000287.0559692383,837641.35837554932,1402372.8370666504
461,"Other computer related services, including facilities management",28.720146179199219,7380795.4788208008,1617805.3617477417,169168.82991790772,1746734.3807220459,289279.46090698242
462,Management consulting services,420.66357421875,43817958.831787109,11523643.493652344,12648736.953735352,-536604.94089126587,837942.00420379639
463,Environmental and other technical consulting services,124.47011566162109,11586618.423461914,2021335.6018066406,5889535.9039306641,-606357.51485824585,231567.06988811493
464,Scientific research and development services,1875.1326904296875,419401916.50390625,127410209.65576172,2903438.8065338135,41919628.143310547,9524396.8963623047
465,"Advertising, public relations, and related services",283.95428466796875,40328788.757324219,10827966.690063477,3834378.4809112549,2783970.5944061279,1364910.364151001
466,Photographic services,98.736892700195312,481324.702501297,1990729.4511795044,1492401.0038375855,-10564734.45892334,464673.63834381104
467,Veterinary services,171.3096923828125,15703962.326049805,6037582.8742980957,1617767.4531936646,1223065.8531188965,414199.47147369385
468,"Marketing research and all other miscellaneous professional, scientific, and technical services",73.965934753417969,5444432.258605957,281700.67071914673,3314205.8849334717,-134964.65981006622,95438.137650489807
469,Management of companies and enterprises,991.92919921875,157766647.33886719,81516128.540039062,102972.63413667679,8275207.51953125,5299123.7640380859
470,Office administrative services,262.18478393554688,17815927.505493164,18855976.104736328,2622585.0582122803,-13843840.599060059,351294.99435424805
471,Facilities support services,0,0,0,0,0,0
472,Employment services,1139.4898681640625,104990173.33984375,38302597.045898438,842486.14311218262,21947864.532470703,2566922.4262237549
473,Business support services,845.45526123046875,59617946.624755859,36270786.285400391,3133809.5664978027,-6189731.1210632324,2038929.9392700195
474,Travel arrangement and reservation services,30.23261833190918,4847258.5678100586,904594.83861923218,219577.32737064362,330545.63403129578,147260.69569587708
475,Investigation and security services,198.4072265625,13422658.920288086,8265336.0366821289,1037091.0167694092,46734.906733036041,517766.23725891113
476,Services to buildings,1366.990234375,65595245.361328125,26308301.92565918,10092776.298522949,387143.16487312317,4057816.9822692871
477,Landscape and horticultural services,485.05731201171875,39918407.440185547,22924186.706542969,2726140.9759521484,765180.58776855469,1996515.8700942993
478,Other support services,214.09341430664063,20483379.364013672,5699125.7667541504,762105.88216781616,1444368.2432174683,960669.57712173462
479,Waste management and remediation services,222.74479675292969,43957439.422607422,11822468.757629395,25887.938216328621,8724693.2983398438,2660388.4696960449
480,Elementary and secondary schools,234.3466796875,8599543.571472168,6449181.5567016602,507402.06241607666,-1058303.9522171021,614229.91752624512
481,"Junior colleges, colleges, universities, and professional schools",106.21408081054688,6641337.3947143555,2201688.7664794922,159361.76478862763,724008.38136672974,584140.06233215332
482,Other educational services,484.32876586914062,19568061.828613281,4558081.6268920898,2693568.9449310303,-796759.72461700439,1528135.4188919067
483,Offices of physicians,1534.92138671875,327045623.77929688,182466049.19433594,13357117.652893066,38189010.620117188,2921248.4359741211
484,Offices of dentists,863.099365234375,113271980.28564453,52887310.028076172,5697575.0923156738,17126838.684082031,970031.61907196045
485,Offices of other health practitioners,757.380126953125,67452766.418457031,26044965.744018555,27213148.11706543,-3323223.1140136719,942737.6389503479
486,Outpatient care centers,246.7257080078125,31726207.733154297,14462248.802185059,1589313.7454986572,548748.55279922485,344622.34377861023
487,Medical and diagnostic laboratories,32.08807373046875,13832505.226135254,6525315.7615661621,653526.9021987915,4300742.6261901855,68441.160023212433
488,Home health care services,756.36785888671875,48093856.811523438,28031690.59753418,19030502.319335938,-9092988.0142211914,467916.63765907288
489,Other ambulatory health care services,233.40730285644531,24751014.709472656,8507314.6820068359,5029305.9349060059,1003460.2880477905,246442.24345684052
490,Hospitals,6077.1796875,1028113159.1796875,440183197.02148438,3002297.6398468018,55933109.283447266,28245353.698730469
491,Nursing and community care facilities,2501.051513671875,197548553.46679688,101204994.20166016,3662008.0471038818,1523243.6656951904,8699158.6685180664
492,"Residential mental retardation, mental health, substance abuse and other facilities",713.53912353515625,52357387.542724609,31327436.447143555,3613441.2288665771,176164.85059261322,1379531.8603515625
493,Individual and family services,1267.3548583984375,63869785.308837891,49259391.784667969,2705573.3203887939,-5240181.9229125977,627303.77912521362
494,Child day care services,914.27996826171875,39704143.524169922,17283372.87902832,7663798.3322143555,3630091.667175293,758599.34091567993
495,"Community food, housing, and other relief services, including rehabilitation services",865.382568359375,77178993.225097656,31018270.492553711,408673.7334728241,2829851.3889312744,955808.46071243286
496,Performing arts companies,171.40629577636719,11302238.464355469,1360566.3776397705,767043.8289642334,689919.59095001221,671045.72057723999
497,Commercial Sports Except Racing,182.20735168457031,11611656.188964844,779415.84587097168,1912320.2562332153,17783.826217055321,1072625.0410079956
498,Racing and Track Operation,1.8737770318984985,154286.51869297028,34710.37745475769,1664.3627313897014,24140.80873131752,9194.6423053741455
499,"Independent artists, writers, and performers",524.51556396484375,8726873.3978271484,1069276.9289016724,2969396.8296051025,578654.7064781189,1160618.3052062988
500,Promoters of performing arts and sports and agents for public figures,81.573333740234375,9950939.1784667969,710879.80270385742,313056.94580078125,818274.08075332642,693188.96532058716
501,"Museums, historical sites, zoos, and parks",100.11275482177734,6455863.4757995605,2224914.0739440918,19518.040120601654,276870.78714370728,235647.48466014862
502,Amusement parks and arcades,11.153351783752441,742726.86243057251,187222.07844257355,-2157.0732351392508,133086.9197845459,190093.36829185486
503,Gambling industries (except casino hotels),134.79345703125,17545358.657836914,2921787.2619628906,156827.13687419891,3812630.8917999268,3362029.3140411377
504,Other amusement and recreation industries,177.89639282226563,7800861.3586425781,2618204.1168212891,-45698.177069425583,69224.342703819275,1071521.4014053345
505,Fitness and recreational sports centers,185.28785705566406,6896546.3638305664,2375200.7484436035,-22742.845118045807,464262.81332969666,923439.50271606445
506,Bowling centers,66.527877807617188,3935499.6681213379,1394799.2324829102,-24469.111114740372,255401.67093276978,603686.74993515015
507,"Hotels and motels, including casino hotels",547.45684814453125,60031066.89453125,17764896.392822266,-37069.115787744522,7496373.6534118652,12618603.706359863
508,Other accommodations,162.5594482421875,16077018.737792969,9282035.8276367188,-27334.701269865036,2344430.9234619141,1083997.7264404297
509,Full-service restaurants,3101.8583984375,205744064.33105469,71885398.864746094,29908.187687397003,23539356.231689453,25170022.964477539
510,Limited-service restaurants,3120.323974609375,248033081.0546875,67178726.196289062,1301276.0877609253,24646507.263183594,31289916.9921875
511,All other food and drinking places,2406.163330078125,143537933.34960938,65233116.149902344,65613.299608230591,13038910.865783691,15762007.713317871
512,"Automotive repair and maintenance, except car washes",999.49908447265625,96005233.764648438,43110950.469970703,9484584.8083496094,-5842243.1945800781,18192100.524902344
513,Car washes,527.069091796875,63755290.985107422,22170648.574829102,3746964.4546508789,4039974.2126464844,13321781.158447266
514,Electronic and precision equipment repair and maintenance,111.63043212890625,16784374.237060547,4496199.6078491211,2090676.3076782227,1864881.0386657715,1534551.8589019775
515,Commercial and industrial machinery and equipment repair and maintenance,58.900882720947266,8418556.2133789062,3499523.401260376,816221.83322906494,198775.60436725617,1007362.8425598145
516,Personal and household goods repair and maintenance,145.70001220703125,7907592.7734375,3700496.1967468262,6429738.5215759277,-5391126.1558532715,1116765.7375335693
517,Personal care services,705.35516357421875,27171415.328979492,11769286.155700684,20896757.125854492,-12115112.3046875,1548519.2537307739
518,Death care services,99.310325622558594,9516570.0912475586,4281780.7197570801,789168.00022125244,550019.44303512573,793199.53918457031
519,Dry-cleaning and laundry services,255.45994567871094,15251395.225524902,8262447.3571777344,658474.80297088623,120780.14016151428,1554970.2644348145
520,Other personal services,271.7193603515625,19099168.77746582,3299545.7649230957,17724382.400512695,-5056377.8877258301,704129.04024124146
521,Religious organizations,1232.0745849609375,96931404.113769531,50681564.331054688,1233790.6360626221,-37830257.415771484,0
522,"Grantmaking, giving, and social advocacy organizations",962.98175048828125,149940719.60449219,24028079.986572266,306612.43200302124,33800945.281982422,9673792.839050293
523,Business and professional associations,50.044658660888672,10031026.840209961,3966603.2791137695,121633.380651474,1499486.9232177734,486491.17350578308
524,Labor and civic organizations,433.6934814453125,41069492.340087891,8276857.3760986328,315179.4970035553,8102688.7893676758,2588332.1762084961
525,Private households,370.983642578125,5358703.61328125,5358703.61328125,0,0,0
526,Postal service,348.89895629882812,33360004.425048828,30084028.244018555,0,35433.638840913773,0
527,Federal electric utilities,0,0,0,0,0,0
528,Other federal government enterprises,0.30388179421424866,81450.089812278748,33461.716026067734,0,6027.16114372015,-5567.5692856311798
529,State government passenger transit,0,0,0,0,0,0
530,State government electric utilities,0,0,0,0,0,0
531,Other state government enterprises,773.3946533203125,210000625.61035156,113531455.99365234,0,27776094.436645508,-23486698.150634766
532,Local government passenger transit,230.70310974121094,13419639.587402344,8745558.7387084961,0,-17299085.61706543,-14131.342992186546
533,Local government electric utilities,0,0,0,0,0,0
534,Other local government enterprises,28.875408172607422,5765005.1116943359,1784335.9708786011,0,1517586.9464874268,-2106857.0613861084
535,* Not an industry (Used and secondhand goods),0,0,0,0,0,0
536,* Not an industry (Scrap),0,0,0,0,0,0
537,* Not an industry (Rest of world adjustment),0,0,0,0,0,0
538,* Not an industry (Noncomparable foreign imports),0,0,0,0,0,0
539,"* Employment and payroll of state govt, education",2163.275634765625,174352935.79101563,157999588.01269531,0,16353353.500366211,0
540,"* Employment and payroll of state govt, non-education",2919.2119140625,386411437.98828125,348577178.95507812,0,37834243.774414062,0
541,"* Employment and payroll of local govt, education",6851.14990234375,600062194.82421875,540416625.9765625,0,59645511.627197266,0
542,"* Employment and payroll of local govt, non-education",3329.425537109375,254389465.33203125,228681182.86132813,0,25708278.656005859,0
543,"* Employment and payroll of federal govt, military",307.77508544921875,23559171.676635742,10342989.921569824,0,13216181.755065918,0
544,"* Employment and payroll of federal govt, non-military",172.37675476074219,33639320.373535156,21055997.848510742,0,12583322.525024414,0
